alto_cm,categoria_Escultura,categoria_Pintura,categoria_Ilustración,categoria_Fotografía,peso_kg,material_Tabla de madera,ancho_cm,tecnica_Técnica mixta,es_original,con_certificado,material_Lienzo,precio_base
28.0,0,0,0,0,1.4,0,18.0,0,0,0,0,2400.0
35.0,1,0,0,0,3.2,0,22.0,0,1,1,0,5100.0
30.0,0,0,0,0,0.6,0,35.0,0,1,0,0,4100.0
50.0,0,0,0,0,0.0,0,38.0,0,0,0,0,2650.0
40.0,0,0,0,1,0.0,0,30.0,0,1,1,0,4300.0
25.0,0,0,0,0,1.8,0,22.0,0,1,0,0,3900.0
20.0,0,0,0,1,0.0,0,40.0,0,1,0,0,3100.0
50.0,0,0,0,1,0.0,0,50.0,0,1,0,0,2600.0
50.0,0,0,0,0,0.0,0,50.0,0,1,0,0,4100.0
30.0,0,0,0,0,0.0,0,50.0,0,1,0,0,3500.0
45.0,0,0,0,0,0.3,0,38.0,0,1,1,0,5400.0
30.0,0,0,0,0,1.1,0,22.0,0,1,1,0,3300.0
12.0,0,0,0,0,0.8,0,18.0,0,1,0,0,3450.0
40.0,0,0,0,1,0.0,0,60.0,0,1,0,0,1950.0
60.0,0,0,0,1,0.0,0,90.0,0,1,1,0,3950.0
35.0,0,0,0,0,2.4,0,28.0,0,1,1,0,3700.0
120.0,0,0,0,1,0.0,0,80.0,0,1,1,0,5750.0
120.0,0,0,0,1,0.0,0,80.0,0,0,1,0,2400.0
120.0,0,0,0,1,0.0,0,80.0,0,0,1,0,2100.0
50.0,1,0,0,0,5.2,0,18.0,0,0,1,0,5400.0
120.0,0,0,0,1,0.0,0,80.0,0,0,1,0,2350.0
120.0,0,0,0,1,0.0,0,80.0,0,0,1,0,3400.0
120.0,0,0,0,1,0.0,0,80.0,0,1,1,0,4400.0
120.0,0,0,0,1,0.0,0,80.0,0,0,1,0,2000.0
58.05,0,0,0,1,0.0,0,36.72,0,0,1,0,2150.0
180.0,0,0,0,1,0.0,0,100.0,0,0,1,0,3950.0
90.0,0,0,0,1,0.0,0,60.0,0,1,1,0,4500.0
120.0,0,0,0,1,0.0,0,80.0,0,1,1,0,4650.0
80.3,0,0,0,1,0.0,0,61.07,0,0,1,0,2700.0
57.83,0,0,0,1,0.0,0,33.91,0,0,1,0,2150.0
47.44,0,0,0,1,0.0,0,35.97,0,1,0,0,2000.0
55.49,0,0,0,1,0.0,0,49.21,0,0,0,0,2050.0
79.41,0,0,0,1,0.0,0,50.13,0,0,1,0,1800.0
56.75,0,0,0,1,0.0,0,47.14,0,0,0,0,2050.0
80.0,1,0,0,0,0.0,0,60.0,0,1,1,0,5650.0
27.67,0,0,0,1,0.0,0,17.53,0,0,0,0,1950.0
28.85,0,0,0,0,0.68,0,27.33,0,1,0,0,4200.0
24.67,0,0,0,1,0.0,0,16.86,0,1,0,0,2950.0
26.58,0,0,0,1,0.0,0,18.96,0,1,1,0,3100.0
120.0,0,1,0,0,0.0,1,100.0,0,1,0,0,7200.0
41.56,0,0,0,0,1.93,0,32.05,0,1,1,0,3200.0
40.0,0,1,0,0,0.0,1,30.0,0,1,0,0,5300.0
80.0,0,1,0,0,0.0,1,60.0,0,1,0,0,9850.0
40.0,0,1,0,0,0.0,0,30.0,0,1,0,0,3150.0
80.0,0,1,0,0,0.0,1,60.0,0,1,1,0,5350.0
120.0,0,1,0,0,0.0,0,100.0,0,1,0,0,9350.0
31.3,0,0,0,0,0.0,0,29.86,0,1,0,0,3200.0
40.0,1,0,0,0,0.0,0,30.0,0,1,0,0,5050.0
80.0,1,0,0,0,0.0,0,60.0,0,1,0,0,5300.0
120.0,1,0,0,0,0.0,0,100.0,0,1,1,0,6050.0
200.0,1,0,0,0,0.0,0,150.0,0,1,0,0,8950.0
40.0,1,0,0,0,0.0,0,30.0,0,1,0,0,4300.0
44.59,0,0,0,0,0.0,0,42.72,0,0,1,0,1900.0
80.0,1,0,0,0,0.0,0,60.0,0,1,0,0,4350.0
120.0,1,0,0,0,0.0,0,100.0,0,1,0,0,5500.0
61.05,0,0,1,0,0.0,0,53.0,0,0,1,0,1950.0
200.0,1,0,0,0,0.0,0,150.0,0,1,0,0,10750.0
58.38,0,0,0,1,0.0,0,32.94,0,0,0,0,1850.0
40.0,1,0,0,0,0.0,0,30.0,0,1,1,0,7300.0
30.53,0,0,0,0,1.61,0,23.93,0,1,0,0,4750.0
50.09,0,0,0,0,3.2,0,33.91,0,1,0,0,4500.0
41.32,0,0,0,0,3.34,0,43.86,0,1,1,0,2950.0
54.4,0,0,0,0,2.58,0,28.21,0,1,0,0,5200.0
62.67,0,0,0,0,0.0,0,47.9,0,0,0,0,1900.0
28.0,0,0,0,0,1.35,0,23.63,0,1,1,0,3850.0
10.94,0,0,0,0,0.52,0,17.69,0,1,0,0,2800.0
43.9,0,0,0,0,3.36,0,43.25,0,1,0,0,3050.0
20.4,0,0,0,0,1.08,0,27.43,0,1,1,0,2600.0
26.86,0,0,0,0,1.84,0,19.03,0,1,0,0,4000.0
80.0,0,1,0,0,0.0,0,60.0,0,1,0,0,4650.0
33.55,0,0,0,0,1.3,0,18.01,0,1,1,0,5100.0
47.91,0,0,1,0,0.0,0,28.12,0,1,0,0,3450.0
24.37,0,0,0,1,0.0,0,21.29,0,1,1,0,3050.0
48.76,0,0,1,0,0.0,0,34.67,0,1,0,0,3500.0
46.5,0,0,1,0,0.0,0,36.28,0,1,1,0,3050.0
63.59,0,0,1,0,0.0,0,51.6,0,1,0,0,3100.0
49.01,0,0,1,0,0.0,0,39.06,0,0,1,0,2200.0
26.73,0,0,1,0,0.0,0,17.24,0,1,0,0,3150.0
53.26,0,0,0,1,0.0,0,33.98,0,0,1,0,2100.0
27.78,0,0,0,0,1.67,0,27.27,0,1,0,0,4700.0
8.33,0,0,0,0,0.68,0,11.82,0,1,1,0,3000.0
67.28,0,0,0,0,0.0,0,57.96,0,1,0,0,5500.0
28.82,0,0,0,1,0.0,0,23.67,0,0,0,0,2200.0
40.54,0,0,0,0,3.26,0,31.82,0,1,1,0,5900.0
120.0,0,1,0,0,0.0,0,100.0,0,1,0,0,9550.0
11.46,0,0,0,0,0.66,0,17.25,0,1,0,0,3050.0
41.37,0,0,0,0,3.85,0,39.78,0,1,1,0,5450.0
14.85,0,0,0,0,0.73,0,10.22,0,1,0,0,3850.0
47.83,0,0,0,0,3.95,0,30.02,0,0,0,0,2500.0
22.2,0,0,0,0,1.03,0,22.07,0,1,1,0,4350.0
46.43,0,0,0,0,0.0,0,43.26,0,1,0,0,2650.0
63.94,0,0,0,0,0.0,0,48.41,0,1,0,0,3400.0
64.55,0,0,0,0,0.0,0,53.0,0,1,1,0,3900.0
200.0,1,0,0,0,0.0,0,150.0,0,1,0,0,7200.0
26.08,0,0,1,0,0.0,0,21.15,0,1,0,0,2900.0
64.62,0,0,0,0,0.0,0,47.85,0,0,1,0,2900.0
26.2,0,0,0,0,0.0,0,24.97,0,1,0,0,2050.0
38.05,0,0,0,0,3.18,0,42.73,0,1,0,0,2900.0
68.73,0,0,0,0,0.0,0,47.47,0,0,1,0,2750.0
46.14,0,0,0,0,0.0,0,31.94,0,1,0,0,3550.0
40.0,0,1,0,0,0.0,1,30.0,0,1,0,0,4300.0
21.41,0,0,0,0,0.81,0,29.75,0,1,1,0,3050.0
29.47,0,0,0,1,0.0,0,20.78,0,1,0,0,3550.0
80.0,1,0,0,0,0.0,0,60.0,0,1,1,0,7100.0
23.2,0,0,0,1,0.0,0,24.86,0,1,0,0,1850.0
82.89,0,0,0,1,0.0,0,65.27,0,1,0,0,4500.0
41.25,0,0,0,1,0.0,0,32.64,0,1,1,0,2200.0
26.35,0,0,0,1,0.0,0,15.7,0,1,0,0,2800.0
20.71,0,0,0,1,0.0,0,17.94,0,1,1,0,2050.0
41.18,0,0,0,0,3.07,0,39.79,0,1,0,0,2950.0
27.15,0,0,0,1,0.0,0,20.31,0,1,1,0,3550.0
40.0,0,1,0,0,0.0,0,30.0,0,1,0,0,4700.0
80.0,0,1,0,0,0.0,0,60.0,0,1,1,0,8600.0
120.0,0,1,0,0,0.0,0,100.0,0,0,0,1,4350.0
27.96,0,0,1,0,0.0,0,23.32,0,1,0,0,3450.0
40.0,0,1,0,0,0.0,1,30.0,0,1,0,0,3950.0
80.0,0,1,0,0,0.0,0,60.0,0,1,0,0,4850.0
120.0,0,1,0,0,0.0,0,100.0,0,1,1,0,8850.0
40.0,0,1,0,0,0.0,0,30.0,0,1,0,1,8050.0
28.32,0,0,0,1,0.0,0,16.56,0,1,1,0,3150.0
29.1,0,0,0,1,0.0,0,20.79,0,1,0,0,3750.0
43.91,0,0,0,1,0.0,0,40.57,0,1,0,0,2000.0
80.0,1,0,0,0,0.0,0,60.0,0,1,0,0,4350.0
120.0,1,0,0,0,0.0,0,100.0,0,1,0,0,5150.0
68.06,0,0,0,0,0.0,0,46.71,0,0,1,0,3300.0
58.76,0,0,0,0,0.0,0,59.75,0,1,0,0,3550.0
200.0,1,0,0,0,0.0,0,150.0,0,1,0,0,8050.0
40.0,1,0,0,0,0.0,0,30.0,0,1,1,0,5250.0
80.0,1,0,0,0,0.0,0,60.0,0,1,0,0,6350.0
120.0,1,0,0,0,0.0,0,100.0,0,1,0,0,6550.0
200.0,1,0,0,0,0.0,0,150.0,0,1,1,0,9750.0
26.57,0,0,0,0,1.11,0,30.64,0,1,0,0,3100.0
49.24,0,0,0,0,1.74,0,33.11,0,1,0,0,3500.0
29.71,0,0,0,0,0.53,0,24.6,0,1,1,0,3700.0
33.14,0,0,0,0,1.64,0,35.06,0,1,0,0,2750.0
32.3,0,0,0,0,0.7,0,25.57,0,1,0,0,5100.0
50.07,0,0,0,0,1.99,0,43.76,0,1,1,0,4150.0
40.0,1,0,0,0,0.0,0,30.0,0,1,0,0,4600.0
52.73,0,0,0,0,3.76,0,34.99,0,1,0,0,5050.0
10.55,0,0,0,0,0.46,0,14.15,0,1,0,0,2300.0
33.71,0,0,0,0,1.03,0,20.84,0,1,0,0,4650.0
24.92,0,0,0,0,1.62,0,21.86,0,1,1,0,2900.0
49.45,0,0,1,0,0.0,0,32.12,0,0,1,0,2050.0
61.2,0,0,1,0,0.0,0,54.17,0,0,0,0,1950.0
80.0,0,1,0,0,0.0,0,60.0,0,1,0,0,8700.0
36.85,0,0,1,0,0.0,0,36.88,0,1,0,0,1900.0
47.36,0,0,1,0,0.0,0,30.08,0,0,1,0,2000.0
28.71,0,0,1,0,0.0,0,22.29,0,0,0,0,1900.0
58.59,0,0,1,0,0.0,0,53.39,0,1,0,0,2750.0
44.7,0,0,0,0,3.2,0,31.8,0,1,1,0,5600.0
26.21,0,0,0,0,1.04,0,25.43,0,1,0,0,4450.0
44.01,0,0,0,0,1.64,0,34.84,0,1,0,0,6150.0
22.61,0,0,0,0,1.64,0,18.87,0,1,1,0,4350.0
23.91,0,0,0,0,1.66,0,24.71,0,0,0,0,2250.0
27.24,0,0,0,0,0.71,0,21.58,0,1,0,0,5200.0
25.36,0,0,0,0,0.68,0,25.51,0,1,1,0,4400.0
19.99,0,0,0,0,0.77,0,19.69,0,1,0,0,3100.0
11.44,0,0,0,0,0.45,0,14.63,0,1,0,0,2900.0
26.85,0,0,0,0,1.63,0,16.02,0,1,1,0,4800.0
61.04,0,0,0,0,0.0,0,55.06,0,0,0,0,1800.0
44.78,0,0,0,0,3.02,0,32.1,0,1,0,0,4900.0
43.15,0,0,0,0,2.88,0,36.6,0,1,1,0,6450.0
34.44,0,0,0,0,0.0,0,25.63,0,1,0,0,3800.0
120.0,1,0,0,0,0.0,0,100.0,0,1,0,0,6850.0
62.54,0,0,0,0,0.0,0,47.12,0,0,1,0,2600.0
47.8,0,0,0,0,0.0,0,36.25,0,0,0,0,1800.0
88.15,0,0,0,1,0.0,0,52.05,0,1,0,0,4550.0
66.3,0,0,0,0,0.0,0,46.22,0,0,1,0,3050.0
64.83,0,0,0,0,0.0,0,57.4,0,0,0,0,2450.0
30.13,0,0,0,0,0.0,0,20.99,0,1,0,0,3650.0
68.07,0,0,0,0,0.0,0,53.07,0,0,1,0,2900.0
60.85,0,0,0,0,0.0,0,45.99,0,0,0,0,2050.0
30.65,0,0,0,0,0.0,0,24.02,0,0,0,0,2200.0
31.57,0,0,0,0,0.0,0,20.75,0,0,1,0,2400.0
24.62,0,0,0,0,1.66,0,23.32,0,1,0,0,4000.0
28.4,0,0,0,1,0.0,0,21.64,0,0,0,0,1950.0
37.07,0,0,1,0,0.0,0,35.8,0,1,1,0,2250.0
53.64,0,0,1,0,0.0,0,42.94,0,1,0,0,2250.0
74.31,0,0,0,1,0.0,0,60.79,0,0,0,0,1900.0
44.85,0,0,0,1,0.0,0,45.06,0,1,1,0,2300.0
28.27,0,0,0,1,0.0,0,20.06,0,0,0,0,2050.0
87.61,0,0,0,1,0.0,0,67.47,0,0,0,0,2300.0
51.42,0,0,0,1,0.0,0,40.7,0,0,1,0,1850.0
41.46,0,0,0,0,2.54,0,27.33,0,1,0,0,5350.0
40.0,0,1,0,0,0.0,0,30.0,0,1,1,0,4750.0
80.0,0,1,0,0,0.0,0,60.0,0,1,0,0,6350.0
120.0,0,1,0,0,0.0,1,100.0,0,1,0,0,8950.0
40.0,0,1,0,0,0.0,0,30.0,0,1,0,0,8200.0
57.79,0,0,1,0,0.0,0,48.72,0,1,0,0,2450.0
80.0,0,1,0,0,0.0,0,60.0,0,1,1,0,8300.0
40.0,0,1,0,0,0.0,0,30.0,0,1,1,0,5550.0
80.0,1,0,0,0,0.0,0,60.0,0,1,0,0,4550.0
120.0,1,0,0,0,0.0,0,100.0,0,1,0,0,8550.0
200.0,1,0,0,0,0.0,0,150.0,0,1,1,0,8350.0
40.0,1,0,0,0,0.0,0,30.0,0,1,0,0,5600.0
49.98,0,0,0,0,2.14,0,44.66,0,1,0,0,5000.0
80.0,0,1,0,0,0.0,0,60.0,0,1,1,0,5900.0
120.0,1,0,0,0,0.0,0,100.0,0,1,0,0,7000.0
200.0,1,0,0,0,0.0,0,150.0,0,1,0,0,7800.0
40.0,1,0,0,0,0.0,0,30.0,0,1,1,0,6250.0
80.0,1,0,0,0,0.0,0,60.0,0,1,0,0,7100.0
120.0,1,0,0,0,0.0,0,100.0,0,1,0,0,6800.0
41.68,0,0,0,0,3.63,0,37.49,0,1,0,0,2900.0
28.51,0,0,0,0,1.35,0,29.9,0,0,1,0,2150.0
16.98,0,0,0,0,0.43,0,17.84,0,1,0,0,4150.0
19.89,0,0,0,0,0.59,0,14.89,0,1,0,0,4800.0
11.84,0,0,0,0,0.32,0,18.91,0,1,1,0,3050.0
40.0,0,1,0,0,0.0,0,30.0,0,1,0,0,4300.0
80.0,0,1,0,0,0.0,0,60.0,0,1,0,0,3700.0
13.53,0,0,0,0,0.77,0,14.46,0,1,1,0,3150.0
22.08,0,0,0,1,0.0,0,17.41,0,1,0,0,1900.0
28.88,0,0,0,0,1.31,0,22.55,0,1,1,0,4300.0
41.35,0,0,1,0,0.0,0,28.32,0,1,0,0,2050.0
58.92,0,0,1,0,0.0,0,43.93,0,1,0,0,2250.0
45.2,0,0,1,0,0.0,0,39.75,0,1,1,0,3700.0
62.75,0,0,0,0,0.0,0,48.85,0,0,0,0,1800.0
59.82,0,0,1,0,0.0,0,59.57,0,0,0,0,1850.0
120.0,0,1,0,0,0.0,1,100.0,0,1,1,0,8200.0
45.05,0,0,1,0,0.0,0,37.39,0,1,1,0,3050.0
43.58,0,0,1,0,0.0,0,36.53,0,1,0,0,2800.0
11.11,0,0,0,0,0.32,0,8.89,0,1,0,0,3400.0
30.92,0,0,0,0,0.0,0,20.97,0,0,1,0,1800.0
26.54,0,0,0,0,1.48,0,19.57,0,1,0,0,4800.0
10.19,0,0,0,0,0.77,0,12.32,0,1,1,0,4100.0
30.91,0,0,0,0,2.17,0,34.69,0,1,0,0,2550.0
19.72,0,0,0,0,1.93,0,23.34,0,1,1,0,3600.0
41.28,0,0,0,0,1.64,0,32.87,0,1,0,0,5250.0
19.63,0,0,0,0,0.98,0,21.04,0,1,0,0,2900.0
33.4,0,0,0,0,2.02,0,31.78,0,1,1,0,3150.0
37.05,0,0,1,0,0.0,0,32.24,0,1,0,0,1800.0
22.22,0,0,0,0,1.76,0,26.32,0,1,1,0,3650.0
28.62,0,0,0,0,0.0,0,26.74,0,1,0,0,2300.0
23.07,0,0,0,1,0.0,0,16.82,0,1,0,0,1950.0
33.16,0,0,0,0,0.0,0,25.18,0,0,1,0,2750.0
25.92,0,0,0,1,0.0,0,20.59,0,1,0,0,2800.0
46.73,0,0,0,0,0.0,0,39.0,0,0,0,0,2000.0
43.29,0,0,0,1,0.0,0,36.14,0,1,0,0,1800.0
40.0,0,1,0,0,0.0,0,30.0,0,1,1,0,6850.0
33.46,0,0,0,0,0.0,0,20.96,0,1,0,0,3500.0
53.78,0,0,0,0,0.0,0,40.53,0,1,0,0,4050.0
11.6,0,0,0,0,0.8,0,8.82,0,1,1,0,3800.0
80.0,1,0,0,0,0.0,0,60.0,0,1,0,0,5250.0
53.81,0,0,0,1,0.0,0,43.51,0,0,0,0,2000.0
82.93,0,0,0,1,0.0,0,51.04,0,1,1,0,4000.0
21.2,0,0,0,1,0.0,0,21.5,0,1,0,0,2000.0
72.88,0,0,0,1,0.0,0,63.99,0,1,1,0,3200.0
86.8,0,0,0,1,0.0,0,54.09,0,1,0,0,3400.0
54.39,0,0,0,1,0.0,0,49.12,0,1,0,0,2900.0
57.75,0,0,0,1,0.0,0,40.2,0,0,1,0,2000.0
120.0,1,0,0,0,0.0,0,100.0,0,1,0,0,5850.0
42.42,0,0,0,1,0.0,0,46.44,0,1,0,0,2100.0
48.67,0,0,0,1,0.0,0,49.12,0,0,1,0,1850.0
40.0,0,1,0,0,0.0,0,30.0,0,1,0,1,4200.0
80.0,0,1,0,0,0.0,1,60.0,0,1,0,0,5650.0
120.0,0,1,0,0,0.0,0,100.0,0,1,0,0,7300.0
40.0,0,1,0,0,0.0,0,30.0,0,1,0,0,3900.0
72.77,0,0,0,1,0.0,0,58.52,0,1,0,0,3150.0
80.0,1,0,0,0,0.0,0,60.0,0,1,1,0,8350.0
120.0,0,1,0,0,0.0,0,100.0,0,1,0,0,10350.0
40.0,1,0,0,0,0.0,0,30.0,0,1,0,0,4650.0
80.0,0,1,0,0,0.0,0,60.0,0,1,0,1,6150.0
120.0,1,0,0,0,0.0,0,100.0,0,1,1,0,6600.0
25.08,0,0,0,0,0.89,0,22.52,0,0,0,0,2400.0
200.0,1,0,0,0,0.0,0,150.0,0,1,0,0,6900.0
40.0,1,0,0,0,0.0,0,30.0,0,1,1,0,6250.0
80.0,1,0,0,0,0.0,0,60.0,0,1,0,0,7750.0
120.0,1,0,0,0,0.0,0,100.0,0,1,0,0,9250.0
200.0,1,0,0,0,0.0,0,150.0,0,1,1,0,10450.0
15.76,0,0,0,0,0.73,0,17.61,0,1,0,0,5600.0
40.0,1,0,0,0,0.0,0,30.0,0,1,0,0,4350.0
80.0,1,0,0,0,0.0,0,60.0,0,1,1,0,7100.0
21.48,0,0,0,0,1.12,0,23.88,0,1,0,0,3450.0
63.67,0,0,0,0,0.0,0,49.06,0,1,0,0,4350.0
120.0,1,0,0,0,0.0,0,100.0,0,1,1,0,7000.0
43.19,0,0,1,0,0.0,0,35.72,0,1,0,0,2400.0
200.0,1,0,0,0,0.0,0,150.0,0,1,1,0,10750.0
24.37,0,0,0,0,1.52,0,26.85,0,1,0,0,3250.0
52.58,0,0,0,0,3.35,0,44.29,0,1,0,0,5000.0
20.25,0,0,0,0,1.29,0,29.85,0,1,1,0,2900.0
52.29,0,0,0,0,2.35,0,42.27,0,1,0,0,5100.0
32.33,0,0,0,0,1.51,0,29.75,0,1,0,0,4950.0
53.95,0,0,0,0,0.0,0,39.3,0,0,1,0,2850.0
40.0,0,1,0,0,0.0,0,30.0,0,1,0,1,4200.0
80.0,0,1,0,0,0.0,0,60.0,0,1,0,0,7150.0
120.0,0,1,0,0,0.0,0,100.0,0,1,1,0,7750.0
40.0,0,1,0,0,0.0,0,30.0,0,1,0,1,4150.0
80.0,0,1,0,0,0.0,0,60.0,0,1,1,0,6950.0
120.0,0,1,0,0,0.0,0,100.0,0,1,0,0,8600.0
40.0,0,1,0,0,0.0,0,30.0,0,1,1,1,4150.0
80.0,0,1,0,0,0.0,0,60.0,0,1,0,0,4650.0
120.0,0,1,0,0,0.0,0,100.0,0,1,0,0,8750.0
40.0,0,1,0,0,0.0,0,30.0,0,1,0,1,4550.0
80.0,0,1,0,0,0.0,0,60.0,0,1,0,0,5250.0
40.0,0,1,0,0,0.0,0,30.0,0,1,0,1,6550.0
80.0,0,1,0,0,0.0,0,60.0,0,1,1,0,6400.0
40.0,1,0,0,0,0.0,0,30.0,0,1,1,0,8650.0
80.0,1,0,0,0,0.0,0,60.0,0,1,0,0,4850.0
120.0,1,0,0,0,0.0,0,100.0,0,1,0,0,4950.0
200.0,1,0,0,0,0.0,0,150.0,0,1,1,0,10450.0
40.0,1,0,0,0,0.0,0,30.0,0,1,0,0,5200.0
80.0,1,0,0,0,0.0,0,60.0,0,1,0,0,5500.0
120.0,1,0,0,0,0.0,0,100.0,0,1,1,0,6250.0
200.0,1,0,0,0,0.0,0,150.0,0,1,0,0,6600.0
40.0,1,0,0,0,0.0,0,30.0,0,1,0,0,5350.0
80.0,1,0,0,0,0.0,0,60.0,0,1,1,0,5000.0
120.0,1,0,0,0,0.0,0,100.0,0,1,0,0,5600.0
200.0,1,0,0,0,0.0,0,150.0,0,1,0,0,8800.0
40.0,1,0,0,0,0.0,0,30.0,0,1,1,0,6500.0
80.0,1,0,0,0,0.0,0,60.0,0,1,0,0,3950.0
120.0,1,0,0,0,0.0,0,100.0,0,1,0,0,6600.0
200.0,1,0,0,0,0.0,0,150.0,0,1,1,0,9250.0
40.0,1,0,0,0,0.0,0,30.0,0,1,0,0,4800.0
80.0,1,0,0,0,0.0,0,60.0,0,1,0,0,5450.0
120.0,1,0,0,0,0.0,0,100.0,0,1,1,0,9400.0
200.0,1,0,0,0,0.0,0,150.0,0,1,0,0,6650.0
82.77,0,0,0,1,0.0,0,55.71,0,0,0,0,2450.0
28.84,0,0,0,1,0.0,0,16.29,0,1,0,0,3800.0
28.72,0,0,0,1,0.0,0,21.51,0,1,0,0,3350.0
83.73,0,0,0,1,0.0,0,63.44,0,0,0,0,1950.0
55.35,0,0,0,1,0.0,0,30.05,0,1,0,0,3750.0
29.6,0,0,0,1,0.0,0,18.5,0,1,0,0,3400.0
86.26,0,0,0,1,0.0,0,67.75,0,0,0,0,2750.0
77.01,0,0,0,1,0.0,0,69.51,0,0,0,0,1900.0
46.64,0,0,0,1,0.0,0,40.4,0,1,0,0,2550.0
56.77,0,0,0,1,0.0,0,34.09,0,1,0,0,4200.0
63.38,0,0,0,1,0.0,0,68.72,0,1,0,0,2550.0
69.49,0,0,0,1,0.0,0,58.45,0,1,0,0,2400.0
80.0,0,1,0,0,0.0,0,60.0,0,1,0,1,8100.0
70.0,0,1,0,0,0.0,0,50.0,0,1,0,0,4350.0
60.0,0,1,0,0,0.0,1,45.0,0,1,0,0,8800.0
100.0,0,1,0,0,0.0,0,80.0,0,0,0,1,3000.0
55.0,0,1,0,0,0.0,0,45.0,0,1,0,0,6800.0
90.0,0,1,0,0,0.0,0,70.0,0,1,0,1,7000.0
50.0,0,1,0,0,0.0,1,40.0,0,1,0,0,6550.0
120.0,0,1,0,0,0.0,0,90.0,0,1,0,0,6700.0
65.0,0,1,0,0,0.0,0,50.0,0,0,0,1,2550.0
85.0,0,1,0,0,0.0,0,65.0,1,1,0,0,5450.0
75.0,0,1,0,0,0.0,0,60.0,0,1,0,1,9400.0
40.0,0,1,0,0,0.0,0,30.0,0,1,0,0,7000.0
70.0,0,1,0,0,0.0,1,55.0,0,1,0,0,8650.0
60.0,0,1,0,0,0.0,0,50.0,0,1,0,0,4750.0
80.0,0,1,0,0,0.0,0,65.0,0,1,0,1,3700.0
35.0,0,1,0,0,0.0,0,25.0,0,1,0,0,3400.0
95.0,0,1,0,0,0.0,0,75.0,0,1,0,1,10300.0
50.0,0,1,0,0,0.0,0,50.0,1,1,0,0,5250.0
45.0,0,1,0,0,0.0,0,35.0,0,0,0,0,3600.0
110.0,0,1,0,0,0.0,0,85.0,0,1,0,1,8600.0
45.0,1,0,0,0,0.0,0,30.0,0,1,0,0,7650.0
35.0,1,0,0,0,0.0,0,20.0,0,1,0,0,4900.0
60.0,1,0,0,0,0.0,0,25.0,0,1,0,0,4150.0
50.0,1,0,0,0,0.0,0,35.0,0,1,0,0,3700.0
25.0,1,0,0,0,0.0,0,18.0,0,1,0,0,7350.0
70.0,1,0,0,0,0.0,0,30.0,0,1,0,0,7600.0
40.0,1,0,0,0,0.0,0,22.0,0,1,0,0,5300.0
30.0,1,0,0,0,0.0,0,30.0,0,1,0,0,4000.0
50.0,1,0,0,0,0.0,0,35.0,0,1,0,0,6600.0
20.0,1,0,0,0,0.0,0,30.0,0,1,0,0,5900.0
40.0,1,0,0,0,0.0,0,40.0,0,1,0,0,5150.0
30.0,1,0,0,0,0.0,0,15.0,0,1,0,0,7300.0
35.0,1,0,0,0,0.0,0,55.0,0,1,0,0,4850.0
15.0,1,0,0,0,0.0,0,12.0,0,1,0,0,4550.0
80.0,1,0,0,0,0.0,0,20.0,0,1,0,0,7750.0
50.0,0,0,0,0,0.0,0,40.0,0,1,0,0,2250.0
40.0,0,0,0,0,0.0,0,30.0,0,0,0,0,1850.0
55.0,0,0,0,0,0.0,0,42.0,0,0,0,0,2250.0
45.0,0,0,0,0,0.0,0,35.0,0,1,0,0,3550.0
50.0,0,0,0,0,0.0,0,40.0,0,1,0,0,4250.0
35.0,0,0,0,0,0.0,0,28.0,0,0,0,0,2000.0
50.0,0,0,0,0,0.0,0,50.0,0,1,0,0,3700.0
45.0,0,0,0,0,0.0,0,35.0,0,1,0,0,2050.0
55.0,0,0,0,0,0.0,0,42.0,0,1,0,0,3750.0
40.0,0,0,0,0,0.0,0,30.0,0,0,0,0,2550.0
48.0,0,0,0,0,0.0,0,38.0,0,0,0,0,2350.0
50.0,0,0,0,0,0.0,0,40.0,0,1,0,0,5200.0
40.0,0,0,1,0,0.0,0,30.0,0,1,0,0,2100.0
35.0,0,0,1,0,0.0,0,35.0,0,1,0,0,1900.0
45.0,0,0,1,0,0.0,0,30.0,0,1,0,0,3500.0
55.0,0,0,1,0,0.0,0,40.0,0,1,0,0,2700.0
45.0,0,0,1,0,0.0,0,35.0,0,1,0,0,2150.0
40.0,0,0,1,0,0.0,0,30.0,0,0,0,0,1850.0
50.0,0,0,1,0,0.0,0,40.0,0,0,0,0,1800.0
45.0,0,0,1,0,0.0,0,35.0,0,1,0,0,2400.0
35.0,0,0,1,0,0.0,0,25.0,0,0,0,0,1900.0
40.0,0,0,1,0,0.0,0,30.0,0,1,0,0,2400.0
31.77,0,0,0,0,1.79,0,22.58,0,1,0,0,4700.0
15.87,0,0,0,0,0.9,0,12.64,0,1,0,0,3900.0
19.62,0,0,0,0,0.42,0,16.76,0,1,0,0,4100.0
34.05,0,0,0,0,0.92,0,24.22,0,1,0,0,4800.0
17.63,0,0,0,0,0.76,0,16.18,0,1,0,0,3600.0
14.8,0,0,0,0,0.41,0,15.52,0,0,0,0,2050.0
43.03,0,0,0,0,3.18,0,44.18,0,1,0,0,3450.0
19.43,0,0,0,0,0.58,0,18.98,0,1,0,0,5600.0
19.83,0,0,0,0,0.61,0,18.97,0,1,0,0,4400.0
10.35,0,0,0,0,0.64,0,14.35,0,1,0,0,2150.0
14.1,0,0,0,0,0.49,0,16.5,0,1,0,0,3650.0
15.86,0,0,0,0,0.73,0,19.35,0,1,0,0,3350.0
20.2,0,0,0,0,1.55,0,23.39,0,1,0,0,1900.0
23.13,0,0,0,0,1.09,0,28.47,0,1,0,0,2450.0
12.37,0,0,0,0,0.87,0,16.65,0,1,0,0,2450.0
28.2,0,0,0,0,0.55,0,18.95,0,1,0,0,4050.0
14.52,0,0,0,0,0.7,0,10.76,0,1,0,0,3100.0
22.53,0,0,0,0,1.97,0,24.67,0,1,0,0,2950.0
27.34,0,0,0,0,1.67,0,26.68,0,1,0,0,3500.0
26.32,0,0,0,0,1.19,0,19.18,0,1,0,0,3550.0
25.0,0,0,0,0,0.0,0,20.0,0,1,0,0,4750.0
30.0,0,0,0,0,0.0,0,22.0,0,1,0,0,3600.0
10.0,0,0,0,0,0.0,0,10.0,0,1,0,0,4050.0
5.0,0,0,0,0,0.0,0,28.0,0,1,0,0,4350.0
40.0,0,0,0,0,0.0,0,25.0,0,1,0,0,5400.0
12.0,0,0,0,0,0.0,0,18.0,0,1,0,0,6350.0
15.0,0,0,0,0,0.0,0,12.0,0,1,0,0,4300.0
20.0,0,0,0,0,0.0,0,18.0,0,1,0,0,4450.0
35.0,0,0,0,0,0.0,0,20.0,0,0,0,0,2250.0
8.0,0,0,0,0,0.0,0,22.0,0,1,0,0,4250.0
30.0,0,0,0,0,0.0,0,15.0,0,1,0,0,3900.0
4.0,0,0,0,0,0.0,0,30.0,0,1,0,0,3600.0
18.0,0,0,0,0,0.0,0,14.0,0,1,0,0,3900.0
22.0,0,0,0,0,0.0,0,16.0,0,1,0,0,2350.0
6.0,0,0,0,0,0.0,0,35.0,0,1,0,0,2250.0
80.0,0,0,0,1,0.0,0,50.0,0,1,0,0,3900.0
29.8,0,0,0,1,0.14,0,32.7,0,1,0,0,2350.0
38.0,0,0,0,1,0.45,0,40.3,0,0,0,0,2050.0
52.3,0,0,0,1,0.31,0,65.1,0,0,0,0,2450.0
54.2,0,0,0,1,0.25,0,72.7,0,1,0,0,3400.0
38.5,0,0,0,1,0.47,0,39.8,0,1,1,0,3000.0
46.2,0,0,0,1,0.47,0,46.8,0,1,1,0,3000.0
54.4,0,0,0,1,0.16,0,33.4,0,1,0,0,2900.0
24.5,0,0,0,1,0.28,0,48.9,0,0,0,0,2100.0
50.5,0,0,0,1,0.41,0,54.7,0,1,1,0,3800.0
59.1,0,0,0,1,0.15,0,54.3,0,1,0,0,2800.0
37.5,0,0,0,1,0.15,0,53.5,0,1,1,0,2750.0
46.8,0,0,0,1,0.15,0,36.8,0,0,0,0,2550.0
54.6,0,0,0,1,0.36,0,28.0,0,1,1,0,2700.0
37.7,0,0,0,1,0.32,0,72.4,0,1,0,0,3300.0
20.1,0,0,0,1,0.47,0,46.5,0,0,0,0,2050.0
49.9,0,0,0,1,0.33,0,28.1,0,1,0,0,2850.0
44.8,0,0,0,1,0.33,0,48.1,0,1,0,0,2650.0
44.8,0,0,0,1,0.14,0,56.0,0,1,0,0,2600.0
57.3,0,0,0,1,0.45,0,30.7,0,1,0,0,2700.0
56.2,0,0,0,1,0.14,0,71.5,0,1,1,0,3550.0
41.8,0,0,0,1,0.33,0,70.9,0,1,1,0,3350.0
57.0,0,0,0,1,0.17,0,38.0,0,0,0,0,1900.0
35.3,0,0,0,1,0.29,0,27.1,0,1,0,0,2850.0
47.2,0,0,0,1,0.23,0,71.4,0,1,0,0,3150.0
56.0,0,0,0,1,0.12,0,35.5,0,1,0,0,3300.0
48.8,0,0,0,1,0.22,0,41.5,0,1,0,0,2800.0
28.4,0,0,0,1,0.34,0,68.2,0,1,0,0,2650.0
52.7,0,0,0,1,0.37,0,66.3,0,1,1,0,3400.0
36.0,0,0,0,1,0.38,0,33.1,0,0,0,0,2350.0
46.7,0,0,0,1,0.34,0,79.3,0,0,0,0,2750.0
53.6,0,0,0,1,0.41,0,40.3,0,1,1,0,2900.0
36.6,0,0,0,1,0.29,0,43.2,0,1,0,0,3350.0
28.8,0,0,0,1,0.11,0,49.0,0,1,0,0,2850.0
27.3,0,0,0,1,0.23,0,39.3,0,1,1,0,3300.0
51.2,0,0,0,1,0.4,0,60.8,0,0,0,0,2250.0
51.1,0,0,0,1,0.22,0,34.0,0,1,0,0,2750.0
54.0,0,0,0,1,0.15,0,58.0,0,0,0,0,2750.0
58.4,0,0,0,1,0.43,0,60.0,0,1,0,0,3100.0
54.1,0,0,0,1,0.13,0,70.7,0,0,0,0,2650.0
33.6,0,0,0,1,0.38,0,73.4,0,1,1,0,3450.0
31.8,0,0,0,1,0.2,0,47.2,0,1,1,0,3400.0
32.6,0,0,0,1,0.48,0,65.9,0,1,1,0,3500.0
20.6,0,0,0,1,0.21,0,54.4,0,0,0,0,1900.0
33.6,0,0,0,1,0.2,0,78.1,0,0,0,0,2250.0
42.3,0,0,0,1,0.34,0,47.9,0,1,0,0,2650.0
30.6,0,0,0,1,0.2,0,29.5,0,1,1,0,2800.0
37.0,0,0,0,1,0.36,0,55.0,0,0,0,0,2200.0
37.5,0,0,0,1,0.46,0,57.9,0,1,0,0,2850.0
40.8,0,0,0,1,0.21,0,49.3,0,0,0,0,2400.0
31.5,0,0,0,1,0.43,0,77.0,0,1,0,0,2950.0
27.5,0,0,0,1,0.4,0,44.9,0,1,0,0,2850.0
42.0,0,0,0,1,0.14,0,55.4,0,0,0,0,2400.0
29.7,0,0,0,1,0.25,0,55.3,0,0,0,0,2250.0
49.0,0,0,0,1,0.33,0,71.1,0,1,0,0,3050.0
54.2,0,0,0,1,0.23,0,47.6,0,1,0,0,3200.0
24.0,0,0,0,1,0.11,0,75.1,0,1,0,0,2950.0
45.1,0,0,0,1,0.3,0,73.8,0,1,0,0,3000.0
47.8,0,0,0,1,0.12,0,74.7,0,0,0,0,2000.0
39.9,0,0,0,1,0.19,0,57.1,0,1,0,0,2550.0
38.3,0,0,0,1,0.5,0,41.6,0,0,0,0,1850.0
56.4,0,0,0,1,0.43,0,66.0,0,0,0,0,2700.0
32.4,0,0,0,1,0.33,0,49.2,0,1,1,0,3200.0
52.2,0,0,0,1,0.13,0,50.8,0,0,0,0,2350.0
34.7,0,0,0,1,0.2,0,66.2,0,1,0,0,2900.0
24.7,0,0,0,1,0.11,0,27.5,0,0,0,0,1900.0
46.2,0,0,0,1,0.35,0,70.9,0,0,0,0,2550.0
35.9,0,0,0,1,0.15,0,35.4,0,0,0,0,2200.0
53.2,0,0,0,1,0.33,0,55.5,0,0,0,0,2800.0
25.3,0,0,0,1,0.42,0,44.7,0,1,1,0,3250.0
57.8,0,0,0,1,0.41,0,27.4,0,0,0,0,2100.0
32.9,0,0,0,1,0.15,0,33.2,0,1,0,0,2850.0
38.1,0,0,0,1,0.24,0,37.6,0,1,0,0,2750.0
49.8,0,0,0,1,0.15,0,45.5,0,1,0,0,2500.0
43.1,0,0,0,1,0.36,0,36.7,0,1,1,0,2950.0
21.2,0,0,0,1,0.4,0,40.0,0,0,0,0,2050.0
36.8,0,0,0,1,0.25,0,43.7,0,1,0,0,2750.0
30.9,0,0,0,1,0.15,0,66.5,0,1,1,0,3200.0
33.1,0,0,0,1,0.4,0,25.4,0,1,1,0,3200.0
54.5,0,0,0,1,0.33,0,56.7,0,1,0,0,2650.0
37.4,0,0,0,1,0.13,0,47.0,0,0,0,0,2450.0
25.9,0,0,0,1,0.34,0,35.8,0,0,0,0,2500.0
26.0,0,0,0,1,0.28,0,28.8,0,1,1,0,2800.0
43.2,0,0,0,1,0.4,0,77.5,0,1,0,0,2850.0
29.9,0,0,0,1,0.28,0,49.1,0,1,1,0,2850.0
42.4,0,0,0,1,0.23,0,60.4,0,1,0,0,3500.0
27.7,0,0,0,1,0.16,0,80.0,0,1,0,0,3150.0
27.2,0,0,0,1,0.35,0,63.1,0,0,0,0,2200.0
58.6,0,0,0,1,0.46,0,68.1,0,1,0,0,3700.0
22.1,0,0,0,1,0.25,0,51.4,0,0,0,0,2100.0
55.4,0,0,0,1,0.27,0,76.2,0,1,1,0,3250.0
56.7,0,0,0,1,0.43,0,51.0,0,0,0,0,2950.0
32.0,0,0,0,1,0.27,0,27.6,0,0,0,0,1900.0
20.1,0,0,0,1,0.33,0,44.4,0,1,0,0,3000.0
30.1,0,0,0,1,0.42,0,25.9,0,1,0,0,2400.0
45.3,0,0,0,1,0.13,0,69.6,0,0,0,0,2300.0
50.1,0,0,0,1,0.24,0,35.5,0,0,0,0,1900.0
34.7,0,0,0,1,0.21,0,68.9,0,1,0,0,2850.0
47.6,0,0,0,1,0.12,0,44.3,0,0,0,0,2050.0
25.7,0,0,0,1,0.41,0,58.4,0,1,1,0,3200.0
41.2,0,0,0,1,0.36,0,46.9,0,1,1,0,3150.0
28.0,0,0,0,1,0.13,0,32.5,0,1,0,0,2900.0
51.7,0,0,0,1,0.15,0,53.0,0,1,1,0,3300.0
41.0,0,0,0,1,0.43,0,67.3,0,1,0,0,2850.0
26.6,0,0,0,1,0.38,0,42.7,0,1,0,0,2450.0
43.7,0,0,0,1,0.17,0,56.9,0,1,0,0,2900.0
39.9,0,0,0,1,0.22,0,59.5,0,0,0,0,2500.0
33.6,0,0,0,1,0.44,0,32.9,0,1,0,0,2700.0
23.9,0,0,0,1,0.25,0,41.0,0,1,1,0,2950.0
39.9,0,0,0,1,0.26,0,30.0,0,1,1,0,2750.0
49.1,0,0,0,1,0.25,0,67.0,0,1,0,0,2950.0
34.9,0,0,0,1,0.32,0,79.3,0,1,1,0,3350.0
57.3,0,0,0,1,0.26,0,42.5,0,1,0,0,3150.0
59.2,0,0,0,1,0.42,0,57.1,0,1,0,0,3150.0
41.0,0,0,0,1,0.41,0,64.7,0,1,0,0,2750.0
54.9,0,0,0,1,0.12,0,65.5,0,1,1,0,3550.0
44.4,0,0,0,1,0.2,0,35.6,0,1,1,0,2950.0
24.9,0,0,0,1,0.25,0,62.2,0,0,0,0,2300.0
28.1,0,0,0,1,0.47,0,54.6,0,1,1,0,2700.0
48.7,0,0,0,1,0.41,0,30.5,0,1,0,0,2650.0
56.3,0,0,0,1,0.33,0,29.9,0,1,0,0,2400.0
20.4,0,0,0,1,0.14,0,56.2,0,0,0,0,2200.0
26.5,0,0,0,1,0.2,0,50.2,0,1,0,0,3200.0
59.3,0,0,0,1,0.47,0,51.3,0,1,1,0,3350.0
38.6,0,0,0,1,0.37,0,33.8,0,0,0,0,2550.0
38.2,0,0,0,1,0.25,0,79.4,0,1,0,0,3300.0
23.1,0,0,0,1,0.12,0,56.0,0,1,0,0,2650.0
52.3,0,0,0,1,0.31,0,49.9,0,1,1,0,3450.0
37.9,0,0,0,1,0.25,0,75.4,0,1,0,0,3100.0
46.9,0,0,0,1,0.31,0,54.9,0,0,0,0,1900.0
28.2,0,0,0,1,0.11,0,30.5,0,1,0,0,2700.0
52.6,0,0,0,1,0.23,0,65.2,0,1,0,0,3050.0
42.2,0,0,0,1,0.24,0,27.6,0,1,1,0,3150.0
52.2,0,0,0,1,0.32,0,75.3,0,0,0,0,2550.0
30.7,0,0,0,1,0.34,0,62.1,0,0,0,0,2250.0
58.5,0,0,0,1,0.5,0,31.5,0,1,1,0,3200.0
34.4,0,0,0,1,0.29,0,73.6,0,0,0,0,2000.0
42.1,0,0,0,1,0.39,0,57.1,0,1,1,0,3400.0
49.3,0,0,0,1,0.16,0,44.4,0,1,1,0,3300.0
25.5,0,0,0,1,0.13,0,59.7,0,1,1,0,3000.0
20.7,0,0,0,1,0.31,0,64.7,0,1,0,0,2950.0
30.7,0,0,0,1,0.25,0,46.8,0,1,0,0,2850.0
35.1,0,0,0,1,0.35,0,51.2,0,1,1,0,2650.0
21.9,0,0,0,1,0.47,0,29.1,0,0,0,0,2300.0
26.5,0,0,0,1,0.43,0,38.2,0,1,0,0,2600.0
29.3,0,0,0,1,0.34,0,29.2,0,1,0,0,2600.0
47.2,0,0,0,1,0.13,0,61.3,0,1,0,0,2700.0
20.2,0,0,0,1,0.24,0,42.0,0,1,1,0,2950.0
20.5,0,0,0,1,0.41,0,47.8,0,1,0,0,2700.0
26.7,0,0,0,1,0.22,0,40.2,0,0,0,0,2300.0
33.3,0,0,0,1,0.42,0,59.1,0,1,1,0,3350.0
31.7,0,0,0,1,0.3,0,63.2,0,1,1,0,3150.0
57.7,0,0,0,1,0.42,0,36.5,0,0,0,0,2650.0
23.0,0,0,0,1,0.29,0,79.5,0,1,0,0,2950.0
50.8,0,0,0,1,0.24,0,61.2,0,1,1,0,3500.0
37.8,0,0,0,1,0.41,0,46.5,0,1,0,0,2600.0
38.2,0,0,0,1,0.29,0,36.4,0,1,0,0,2400.0
40.6,0,0,0,1,0.23,0,55.4,0,1,0,0,2600.0
20.2,0,0,0,1,0.21,0,36.8,0,1,0,0,2550.0
44.5,0,0,0,1,0.24,0,57.3,0,0,0,0,2350.0
32.2,0,0,0,1,0.38,0,35.1,0,1,0,0,2550.0
25.6,0,0,0,1,0.28,0,42.3,0,1,1,0,3200.0
39.5,0,0,0,1,0.11,0,29.5,0,0,0,0,2000.0
30.7,0,0,0,1,0.5,0,54.9,0,1,0,0,2850.0
30.5,0,0,0,1,0.13,0,72.4,0,0,0,0,2100.0
51.4,0,0,0,1,0.42,0,69.7,0,1,0,0,3500.0
56.8,0,0,0,1,0.45,0,79.6,0,1,0,0,3400.0
38.1,0,0,0,1,0.45,0,59.8,0,1,0,0,2600.0
54.0,0,0,0,1,0.26,0,68.8,0,0,0,0,2150.0
24.0,0,0,0,1,0.28,0,68.1,0,1,0,0,3050.0
46.2,0,0,0,1,0.25,0,38.8,0,0,0,0,2200.0
39.1,0,0,0,1,0.19,0,32.3,0,1,1,0,3150.0
32.5,0,0,0,1,0.15,0,73.5,0,0,0,0,2450.0
44.6,0,0,0,1,0.19,0,49.3,0,0,0,0,2700.0
42.1,0,0,0,1,0.34,0,58.0,0,0,0,0,2400.0
51.4,0,0,0,1,0.2,0,68.7,0,1,1,0,3500.0
50.5,0,0,0,1,0.41,0,77.5,0,1,1,0,3150.0
23.3,0,0,0,1,0.35,0,54.5,0,1,1,0,3050.0
49.2,0,0,0,1,0.12,0,71.6,0,1,0,0,2700.0
39.9,0,0,0,1,0.31,0,44.1,0,0,0,0,2650.0
30.5,0,0,0,1,0.35,0,78.6,0,1,0,0,2650.0
54.3,0,0,0,1,0.12,0,25.7,0,1,0,0,2700.0
56.6,0,0,0,1,0.43,0,42.6,0,1,1,0,3050.0
42.1,0,0,0,1,0.18,0,25.4,0,1,1,0,2750.0
57.3,0,0,0,1,0.32,0,26.3,0,1,0,0,3250.0
39.7,0,0,0,1,0.5,0,28.3,0,1,1,0,3200.0
39.0,0,1,0,0,2.24,0,98.1,0,0,0,0,7300.0
143.2,0,1,0,0,3.58,0,46.3,0,1,1,0,9600.0
132.6,0,1,0,0,2.7,0,96.7,0,1,1,0,9150.0
32.6,0,1,0,0,4.11,0,37.7,0,1,1,1,10750.0
75.9,0,1,0,0,1.92,1,81.2,0,0,0,0,6550.0
40.5,0,1,0,0,2.18,1,76.0,1,1,0,0,9700.0
62.5,0,1,0,0,2.89,0,33.1,0,1,0,1,9450.0
121.7,0,1,0,0,2.8,0,143.7,0,0,0,1,9600.0
143.7,0,1,0,0,2.75,0,97.6,1,1,0,0,10000.0
69.8,0,1,0,0,3.73,1,103.7,1,1,1,0,10300.0
70.4,0,1,0,0,4.4,1,68.7,0,1,0,0,9150.0
66.8,0,1,0,0,1.01,0,112.6,1,1,0,0,10750.0
46.9,0,1,0,0,1.45,0,119.4,0,0,0,0,5250.0
72.1,0,1,0,0,3.38,0,124.4,0,1,0,0,8750.0
36.5,0,1,0,0,0.85,1,30.5,0,0,0,0,5800.0
40.3,0,1,0,0,2.67,0,71.3,0,0,0,0,8100.0
65.9,0,1,0,0,3.92,0,77.4,1,1,0,0,10400.0
32.4,0,1,0,0,1.71,0,128.1,0,1,0,1,10050.0
55.4,0,1,0,0,3.46,0,128.9,0,0,0,0,8100.0
53.1,0,1,0,0,3.85,0,130.0,1,1,0,0,9000.0
88.7,0,1,0,0,4.34,0,83.5,0,1,0,0,9800.0
107.7,0,1,0,0,1.58,0,111.3,1,1,1,0,10450.0
80.9,0,1,0,0,1.89,0,75.2,1,1,0,1,10250.0
70.4,0,1,0,0,1.8,1,63.2,0,1,0,0,9650.0
116.6,0,1,0,0,4.49,0,108.6,0,1,0,1,10900.0
90.9,0,1,0,0,3.86,1,131.5,1,0,0,0,8050.0
80.5,0,1,0,0,1.99,0,136.4,0,1,0,0,10200.0
36.5,0,1,0,0,1.05,0,132.5,0,1,0,1,9400.0
30.6,0,1,0,0,3.54,0,62.8,0,1,0,1,8000.0
117.7,0,1,0,0,4.07,0,144.0,0,0,0,0,8100.0
37.8,0,1,0,0,4.29,0,35.5,0,1,0,1,9350.0
117.3,0,1,0,0,3.44,0,45.7,0,1,1,0,10000.0
35.8,0,1,0,0,2.28,0,43.9,0,1,1,0,10300.0
91.4,0,1,0,0,1.63,1,104.1,0,0,0,0,7750.0
139.2,0,1,0,0,2.42,0,112.6,0,1,1,0,10450.0
109.6,0,1,0,0,1.93,0,50.5,0,1,0,0,10150.0
43.6,0,1,0,0,0.73,1,113.5,0,0,0,0,7200.0
88.0,0,1,0,0,4.05,0,88.6,0,1,1,0,10700.0
109.4,0,1,0,0,1.88,0,59.8,0,1,1,0,10750.0
58.9,0,1,0,0,0.7,1,146.4,0,1,0,0,10700.0
42.3,0,1,0,0,2.73,1,79.5,0,1,1,0,10600.0
131.3,0,1,0,0,3.57,0,69.8,0,1,0,0,8600.0
35.5,0,1,0,0,1.06,0,49.7,1,1,0,1,9250.0
35.6,0,1,0,0,3.19,0,106.0,0,1,0,0,8600.0
113.0,0,1,0,0,3.76,1,50.8,1,1,0,0,10700.0
126.6,0,1,0,0,2.91,0,46.6,0,0,0,1,8000.0
140.5,0,1,0,0,3.34,0,45.9,1,0,0,1,8600.0
127.0,0,1,0,0,0.6,0,92.7,0,1,0,1,9800.0
127.7,0,1,0,0,3.97,0,42.3,0,1,0,0,7600.0
145.9,0,1,0,0,3.47,1,36.5,0,1,0,0,8700.0
65.3,0,1,0,0,3.23,0,51.3,1,1,1,0,10050.0
34.8,0,1,0,0,2.89,1,141.4,0,0,0,0,7050.0
92.5,0,1,0,0,1.14,0,124.4,1,1,0,0,10700.0
110.3,0,1,0,0,4.12,0,83.5,1,1,0,0,9400.0
54.7,0,1,0,0,4.01,1,129.4,0,1,0,0,9400.0
139.3,0,1,0,0,2.3,0,78.9,1,1,1,0,9950.0
64.8,0,1,0,0,2.93,0,112.3,0,1,0,1,10100.0
55.4,0,1,0,0,3.91,0,138.7,0,1,1,0,9700.0
110.6,0,1,0,0,1.29,0,60.1,1,1,0,0,8900.0
138.8,0,1,0,0,2.67,1,96.2,0,0,0,0,9050.0
121.4,0,1,0,0,1.56,0,57.8,0,1,0,0,8850.0
99.4,0,1,0,0,2.01,0,98.4,1,1,0,1,10450.0
90.2,0,1,0,0,1.16,1,46.7,0,1,0,0,8800.0
135.4,0,1,0,0,3.79,1,117.4,1,0,0,0,9200.0
116.9,0,1,0,0,2.31,0,71.1,0,1,1,1,9950.0
113.7,0,1,0,0,4.25,0,81.5,0,1,0,1,10800.0
101.8,0,1,0,0,1.53,0,95.2,0,1,0,0,8700.0
76.7,0,1,0,0,3.72,0,106.3,1,0,0,0,6700.0
149.6,0,1,0,0,1.91,0,123.6,0,1,0,0,10900.0
99.0,0,1,0,0,2.13,1,61.3,0,1,1,0,10350.0
111.8,0,1,0,0,3.95,0,137.6,0,1,1,1,10900.0
59.8,0,1,0,0,3.19,0,41.2,1,0,0,0,6650.0
58.2,0,1,0,0,1.56,1,59.0,0,1,0,0,9050.0
74.5,0,1,0,0,4.09,0,67.9,1,0,0,0,6500.0
87.4,0,1,0,0,2.51,0,94.9,0,1,0,0,8800.0
103.5,0,1,0,0,2.69,0,61.2,0,1,0,1,10800.0
127.7,0,1,0,0,3.72,0,116.5,0,1,0,0,10150.0
66.0,0,1,0,0,2.77,0,97.5,1,1,0,1,10400.0
32.4,0,1,0,0,3.97,0,44.5,1,0,0,1,7950.0
103.6,0,1,0,0,4.33,0,85.7,0,0,0,0,6650.0
108.4,0,1,0,0,2.92,0,115.3,0,1,0,1,10600.0
142.9,0,1,0,0,0.82,0,114.1,0,1,1,0,10900.0
59.7,0,1,0,0,3.01,0,64.1,0,1,0,1,10000.0
79.5,0,1,0,0,0.54,0,48.7,0,1,0,1,9450.0
125.6,0,1,0,0,1.25,0,95.8,0,0,0,1,8750.0
64.2,0,1,0,0,3.74,0,119.2,0,1,0,0,9350.0
36.0,0,1,0,0,1.24,0,94.2,0,1,1,0,8950.0
69.6,0,1,0,0,4.31,1,131.2,0,1,0,0,9500.0
59.7,0,1,0,0,1.3,1,149.3,0,1,1,0,10000.0
87.7,0,1,0,0,1.94,0,65.9,1,1,0,0,9150.0
112.6,0,1,0,0,3.58,0,48.6,0,1,0,0,10450.0
88.5,0,1,0,0,2.73,0,68.0,1,1,1,0,9300.0
95.1,0,1,0,0,2.77,1,88.8,0,1,1,0,10700.0
84.5,0,1,0,0,2.52,0,123.1,0,1,0,1,10850.0
103.6,0,1,0,0,3.06,1,68.7,0,1,0,0,8400.0
93.1,0,1,0,0,1.52,1,114.2,0,1,0,0,10500.0
53.2,0,1,0,0,2.78,1,108.8,1,0,0,0,8350.0
125.1,0,1,0,0,2.52,0,96.0,0,1,0,0,10050.0
97.6,0,1,0,0,3.56,0,55.7,0,0,0,1,7400.0
30.8,0,1,0,0,1.36,0,148.1,1,1,0,0,10200.0
46.6,0,1,0,0,2.83,0,74.0,0,1,0,1,10050.0
34.5,0,1,0,0,2.03,0,127.0,0,0,0,0,6900.0
36.5,0,1,0,0,1.78,0,92.9,1,1,1,0,10150.0
64.8,0,1,0,0,1.03,0,77.3,0,1,0,0,9150.0
77.4,0,1,0,0,2.74,0,98.6,0,0,0,0,6600.0
71.8,0,1,0,0,2.88,1,68.5,0,1,1,0,10900.0
95.6,0,1,0,0,2.7,0,120.0,0,1,0,0,9050.0
36.4,0,1,0,0,0.53,0,108.6,0,1,1,0,10550.0
52.4,0,1,0,0,2.33,1,90.1,0,0,0,0,7450.0
58.3,0,1,0,0,2.51,0,147.4,0,0,0,1,8950.0
108.8,0,1,0,0,2.03,0,40.5,0,0,0,1,6450.0
54.8,0,1,0,0,2.67,1,46.6,0,0,0,0,7450.0
38.1,0,1,0,0,3.38,0,94.0,1,1,0,0,9000.0
42.8,0,1,0,0,3.55,0,52.2,0,1,1,0,9200.0
52.1,0,1,0,0,2.4,1,76.5,0,1,1,0,10300.0
141.3,0,1,0,0,3.97,0,148.3,0,1,1,0,10850.0
84.2,0,1,0,0,0.67,0,129.2,1,0,0,0,8250.0
77.8,0,1,0,0,3.81,0,66.5,0,1,0,1,9200.0
79.6,0,1,0,0,1.22,0,84.1,1,1,0,0,9300.0
114.7,0,1,0,0,0.84,0,106.1,0,1,0,0,9850.0
134.3,0,1,0,0,3.35,0,51.5,1,1,1,0,10900.0
132.6,0,1,0,0,0.52,1,95.2,0,0,0,0,9150.0
35.9,0,1,0,0,3.11,0,47.8,1,1,0,1,9450.0
119.9,0,1,0,0,0.64,0,73.2,0,0,0,0,8100.0
69.5,0,1,0,0,1.34,0,79.7,0,1,1,0,9050.0
103.7,0,1,0,0,3.42,0,89.6,1,1,0,1,10450.0
35.5,0,1,0,0,3.72,1,72.0,0,1,0,0,7650.0
124.1,0,1,0,0,3.47,0,79.7,0,0,0,1,7750.0
130.9,0,1,0,0,2.0,0,70.7,0,1,1,0,10650.0
40.4,0,1,0,0,1.99,0,135.2,0,0,0,1,8000.0
138.6,0,1,0,0,1.86,0,48.5,0,1,0,0,9100.0
67.3,0,1,0,0,3.89,0,35.3,1,0,0,0,6000.0
54.1,0,1,0,0,2.63,0,64.4,0,0,0,0,6200.0
98.9,0,1,0,0,1.75,0,50.6,0,0,0,0,6200.0
114.6,0,1,0,0,3.02,1,137.0,0,1,0,0,10050.0
127.5,0,1,0,0,2.37,0,140.4,0,1,0,0,10000.0
124.7,0,1,0,0,2.31,0,135.9,0,1,0,0,9750.0
96.7,0,1,0,0,1.71,0,38.5,0,1,0,0,7600.0
98.1,0,1,0,0,3.28,1,71.1,1,1,0,0,10750.0
38.4,0,1,0,0,3.76,0,43.0,0,0,0,1,6900.0
93.8,0,1,0,0,2.81,0,76.8,0,1,0,0,9450.0
131.7,0,1,0,0,0.75,0,132.3,1,0,0,0,8800.0
105.0,0,1,0,0,2.12,1,115.4,0,1,1,0,10700.0
38.6,0,1,0,0,3.39,0,31.9,0,1,0,0,8150.0
86.7,0,1,0,0,4.34,0,119.0,0,1,0,0,9400.0
72.3,0,1,0,0,1.68,0,147.3,0,1,0,1,10800.0
64.4,0,1,0,0,2.52,0,39.9,0,0,0,1,7800.0
109.3,0,1,0,0,1.17,1,117.1,0,1,0,0,10750.0
112.0,0,1,0,0,1.55,0,76.8,1,1,0,0,9800.0
67.6,0,1,0,0,0.53,0,31.3,0,1,0,1,8500.0
106.7,0,1,0,0,1.61,1,140.7,0,1,0,0,10250.0
38.3,0,1,0,0,1.3,0,147.5,0,1,0,0,9100.0
98.6,0,1,0,0,2.28,0,60.1,0,0,0,0,8300.0
87.4,0,1,0,0,3.41,0,78.5,1,0,0,0,7100.0
78.1,0,1,0,0,4.34,0,105.9,0,1,0,1,10250.0
113.5,0,1,0,0,3.02,0,137.6,0,1,1,0,10450.0
94.1,0,1,0,0,2.3,0,130.1,0,0,0,1,10050.0
141.0,0,1,0,0,1.07,0,34.4,0,1,0,0,9100.0
128.1,0,1,0,0,2.49,0,42.8,0,0,0,0,6600.0
47.2,0,1,0,0,2.3,0,62.5,0,1,1,0,9800.0
96.9,0,1,0,0,4.45,1,53.0,0,0,0,0,8300.0
43.5,0,1,0,0,3.88,0,47.9,0,0,0,0,7050.0
42.5,0,1,0,0,2.65,1,36.3,1,1,1,0,9850.0
42.8,1,0,0,0,13.24,0,19.9,0,1,1,0,10450.0
70.4,1,0,0,0,4.23,0,46.6,0,1,0,0,10200.0
75.3,1,0,0,0,3.79,0,46.9,0,0,0,0,7500.0
71.5,1,0,0,0,9.32,0,27.3,0,0,0,0,6450.0
31.3,1,0,0,0,9.38,0,38.0,0,0,0,0,7150.0
82.5,1,0,0,0,7.25,0,31.6,0,1,0,0,8850.0
46.8,1,0,0,0,6.45,0,38.3,0,1,0,0,9500.0
44.7,1,0,0,0,5.24,0,28.4,0,1,1,0,10750.0
26.1,1,0,0,0,14.44,0,34.5,0,1,1,0,8850.0
46.1,1,0,0,0,5.57,0,42.0,0,0,0,0,7800.0
48.1,1,0,0,0,2.75,0,57.0,0,1,0,0,8650.0
33.6,1,0,0,0,14.24,0,30.9,0,0,0,0,5300.0
81.2,1,0,0,0,7.5,0,19.4,0,0,0,0,7250.0
41.2,1,0,0,0,6.03,0,64.4,0,0,0,0,7200.0
78.3,1,0,0,0,12.61,0,29.5,0,1,0,0,10750.0
49.2,1,0,0,0,4.8,0,39.6,0,1,1,0,9950.0
55.9,1,0,0,0,3.7,0,43.8,0,1,1,0,10300.0
56.0,1,0,0,0,2.78,0,53.3,0,0,0,0,8950.0
77.6,1,0,0,0,6.54,0,15.6,0,1,1,0,8200.0
84.1,1,0,0,0,1.73,0,20.8,0,1,0,0,10000.0
29.0,1,0,0,0,5.65,0,49.7,0,1,0,0,8200.0
52.8,1,0,0,0,5.57,0,60.4,0,1,1,0,10050.0
45.7,1,0,0,0,14.43,0,44.5,0,1,1,0,9500.0
85.7,1,0,0,0,10.6,0,33.4,0,1,1,0,10700.0
43.7,1,0,0,0,3.16,0,44.7,0,0,0,0,6350.0
63.5,1,0,0,0,11.65,0,19.8,0,0,0,0,7300.0
81.6,1,0,0,0,13.01,0,21.0,0,1,1,0,9050.0
29.0,1,0,0,0,9.38,0,33.3,0,0,0,0,5300.0
89.0,1,0,0,0,9.23,0,33.9,0,0,0,0,9000.0
34.1,1,0,0,0,2.52,0,46.8,0,0,0,0,7200.0
61.4,1,0,0,0,8.67,0,28.7,0,1,1,0,9700.0
56.6,1,0,0,0,3.53,0,33.2,0,1,1,0,10700.0
68.1,1,0,0,0,3.52,0,26.8,0,1,0,0,10100.0
75.3,1,0,0,0,10.2,0,28.9,0,1,0,0,8450.0
86.0,1,0,0,0,3.01,0,51.2,0,1,0,0,10850.0
78.3,1,0,0,0,11.54,0,51.9,0,0,0,0,7100.0
69.0,1,0,0,0,7.91,0,20.6,0,1,1,0,10150.0
37.7,1,0,0,0,10.96,0,34.2,0,0,0,0,5750.0
40.8,1,0,0,0,7.42,0,58.0,0,1,0,0,9800.0
33.9,1,0,0,0,6.91,0,50.1,0,1,1,0,9600.0
41.2,1,0,0,0,14.57,0,34.7,0,1,0,0,9200.0
28.2,1,0,0,0,13.27,0,17.2,0,0,0,0,8900.0
42.1,1,0,0,0,3.54,0,64.7,0,0,0,0,10150.0
28.1,1,0,0,0,7.46,0,59.8,0,0,0,0,9050.0
59.4,1,0,0,0,14.97,0,48.2,0,1,0,0,10650.0
46.1,1,0,0,0,5.87,0,61.5,0,1,0,0,9500.0
34.8,1,0,0,0,5.86,0,17.4,0,1,1,0,10550.0
47.2,1,0,0,0,14.38,0,35.1,0,1,1,0,10200.0
82.0,1,0,0,0,7.21,0,38.8,0,0,0,0,10050.0
84.2,1,0,0,0,7.08,0,40.7,0,1,0,0,8850.0
25.8,1,0,0,0,9.43,0,58.8,0,1,0,0,10650.0
57.4,1,0,0,0,3.82,0,15.3,0,1,0,0,9350.0
28.8,1,0,0,0,1.71,0,15.7,0,0,0,0,7300.0
73.9,1,0,0,0,3.07,0,22.4,0,0,0,0,6850.0
23.6,1,0,0,0,11.13,0,15.4,0,0,0,0,7050.0
57.0,1,0,0,0,2.36,0,36.1,0,0,0,0,8900.0
52.8,1,0,0,0,9.43,0,36.9,0,1,0,0,10200.0
45.0,1,0,0,0,13.58,0,22.9,0,1,1,0,9350.0
31.7,1,0,0,0,6.38,0,20.9,0,1,0,0,7750.0
48.9,1,0,0,0,13.01,0,35.5,0,0,0,0,7250.0
20.6,1,0,0,0,13.93,0,29.0,0,1,0,0,9250.0
22.6,1,0,0,0,11.49,0,31.7,0,1,0,0,8500.0
70.9,1,0,0,0,2.31,0,64.3,0,1,0,0,10700.0
27.4,1,0,0,0,12.01,0,40.8,0,1,1,0,10500.0
81.0,1,0,0,0,14.95,0,44.2,0,1,0,0,10850.0
53.1,1,0,0,0,6.49,0,52.3,0,0,0,0,7350.0
54.0,1,0,0,0,9.46,0,54.6,0,1,0,0,9800.0
47.1,1,0,0,0,2.12,0,60.0,0,1,0,0,8800.0
87.0,1,0,0,0,8.29,0,41.1,0,1,0,0,10700.0
48.1,1,0,0,0,1.81,0,17.2,0,1,0,0,7500.0
30.8,1,0,0,0,2.3,0,62.6,0,0,0,0,8150.0
34.2,1,0,0,0,8.16,0,52.6,0,0,0,0,7050.0
58.8,1,0,0,0,11.8,0,44.3,0,1,1,0,10200.0
87.3,1,0,0,0,12.47,0,42.8,0,0,0,0,9300.0
23.2,1,0,0,0,5.56,0,52.0,0,1,1,0,10750.0
39.1,1,0,0,0,4.34,0,48.1,0,0,0,0,8500.0
28.7,1,0,0,0,1.63,0,33.5,0,1,0,0,10750.0
24.6,1,0,0,0,5.0,0,21.4,0,1,1,0,10100.0
20.1,1,0,0,0,10.28,0,36.4,0,0,0,0,7450.0
81.9,1,0,0,0,7.17,0,26.2,0,1,1,0,9700.0
31.5,1,0,0,0,2.81,0,30.5,0,1,0,0,8850.0
56.4,1,0,0,0,9.6,0,26.8,0,1,1,0,9100.0
23.8,1,0,0,0,2.87,0,45.5,0,1,1,0,9350.0
52.5,1,0,0,0,2.87,0,36.4,0,1,0,0,10200.0
83.3,1,0,0,0,6.3,0,21.3,0,1,0,0,7650.0
30.3,1,0,0,0,6.48,0,30.4,0,1,0,0,8550.0
64.8,1,0,0,0,4.06,0,25.1,0,1,0,0,10350.0
35.3,1,0,0,0,12.94,0,28.1,0,1,1,0,9800.0
36.8,1,0,0,0,14.21,0,55.5,0,0,0,0,8500.0
68.6,1,0,0,0,10.09,0,30.9,0,0,0,0,7650.0
79.6,1,0,0,0,4.32,0,63.4,0,1,0,0,9500.0
32.5,1,0,0,0,8.02,0,50.6,0,0,0,0,8150.0
80.4,1,0,0,0,13.5,0,34.8,0,1,0,0,10700.0
49.8,1,0,0,0,12.36,0,38.4,0,1,1,0,10550.0
26.9,1,0,0,0,4.2,0,18.6,0,1,1,0,9450.0
39.7,1,0,0,0,14.27,0,32.3,0,0,0,0,5900.0
36.4,1,0,0,0,7.83,0,44.4,0,0,0,0,7300.0
42.8,1,0,0,0,13.95,0,16.2,0,1,0,0,9800.0
57.4,1,0,0,0,9.19,0,24.4,0,1,0,0,10300.0
24.9,1,0,0,0,4.65,0,63.1,0,1,1,0,9800.0
20.5,1,0,0,0,6.89,0,22.1,0,0,0,0,8500.0
44.3,1,0,0,0,6.78,0,57.1,0,0,0,0,6850.0
36.8,1,0,0,0,9.98,0,58.5,0,1,0,0,10650.0
55.3,1,0,0,0,3.73,0,54.0,0,1,1,0,10700.0
20.8,1,0,0,0,5.92,0,20.7,0,1,0,0,10600.0
32.4,1,0,0,0,3.77,0,21.2,0,1,1,0,9250.0
47.3,1,0,0,0,1.56,0,30.4,0,0,0,0,6850.0
77.4,1,0,0,0,14.44,0,49.0,0,1,0,0,9300.0
82.0,1,0,0,0,8.24,0,35.6,0,0,0,0,8050.0
43.2,1,0,0,0,5.79,0,46.8,0,0,0,0,9000.0
36.3,1,0,0,0,5.67,0,45.8,0,1,0,0,8550.0
71.7,1,0,0,0,10.19,0,31.4,0,0,0,0,8050.0
34.4,1,0,0,0,14.84,0,17.7,0,0,0,0,6650.0
24.9,1,0,0,0,3.41,0,24.6,0,1,1,0,8800.0
70.5,1,0,0,0,4.86,0,27.2,0,1,0,0,10150.0
55.4,1,0,0,0,12.56,0,51.7,0,0,0,0,10200.0
52.5,1,0,0,0,9.68,0,37.7,0,1,1,0,10100.0
55.7,1,0,0,0,10.9,0,39.4,0,1,0,0,10200.0
86.1,1,0,0,0,9.31,0,22.4,0,1,1,0,9950.0
72.4,1,0,0,0,5.66,0,61.5,0,0,0,0,8550.0
46.2,1,0,0,0,3.96,0,50.2,0,0,0,0,9600.0
26.8,1,0,0,0,9.64,0,41.1,0,0,0,0,6700.0
86.6,1,0,0,0,7.6,0,52.6,0,1,0,0,9950.0
29.0,1,0,0,0,10.59,0,54.8,0,1,0,0,9900.0
89.5,1,0,0,0,5.91,0,16.5,0,1,1,0,8950.0
40.4,1,0,0,0,9.49,0,20.6,0,1,0,0,8600.0
79.3,1,0,0,0,6.43,0,64.0,0,1,0,0,10100.0
55.0,1,0,0,0,3.47,0,37.8,0,1,0,0,10050.0
89.4,1,0,0,0,10.65,0,42.4,0,0,0,0,9250.0
42.6,1,0,0,0,2.23,0,54.6,0,0,0,0,8250.0
71.5,1,0,0,0,9.27,0,15.5,0,1,0,0,10550.0
75.6,1,0,0,0,10.2,0,24.1,0,1,0,0,9700.0
24.5,1,0,0,0,12.55,0,56.9,0,1,0,0,10200.0
65.7,1,0,0,0,11.67,0,19.4,0,1,1,0,10450.0
39.4,1,0,0,0,8.92,0,51.5,0,1,0,0,9400.0
89.7,1,0,0,0,6.52,0,49.8,0,1,0,0,10200.0
57.2,1,0,0,0,5.95,0,49.2,0,1,0,0,8550.0
32.3,1,0,0,0,12.59,0,51.4,0,1,0,0,10300.0
44.2,1,0,0,0,8.68,0,52.1,0,1,0,0,10800.0
69.5,1,0,0,0,11.04,0,27.5,0,1,0,0,9100.0
48.5,1,0,0,0,2.57,0,30.6,0,1,0,0,8100.0
87.5,1,0,0,0,8.57,0,48.7,0,1,1,0,10400.0
20.4,1,0,0,0,2.95,0,38.0,0,1,0,0,8400.0
20.5,1,0,0,0,7.85,0,53.5,0,1,1,0,10300.0
20.4,1,0,0,0,2.99,0,59.2,0,1,1,0,10000.0
76.0,1,0,0,0,11.82,0,50.7,0,0,0,0,9850.0
55.0,1,0,0,0,10.66,0,53.4,0,1,0,0,10550.0
37.5,1,0,0,0,14.92,0,53.3,0,1,0,0,9850.0
36.1,1,0,0,0,14.87,0,21.6,0,0,0,0,7050.0
49.8,1,0,0,0,2.2,0,18.1,0,1,1,0,10900.0
53.0,1,0,0,0,4.0,0,60.4,0,0,0,0,8450.0
36.7,1,0,0,0,2.68,0,28.8,0,1,0,0,8600.0
85.9,1,0,0,0,7.9,0,46.0,0,0,0,0,8200.0
20.1,1,0,0,0,6.48,0,32.4,0,1,0,0,9900.0
71.1,1,0,0,0,1.71,0,29.0,0,1,0,0,8950.0
42.7,1,0,0,0,13.09,0,25.2,0,1,0,0,10700.0
86.0,1,0,0,0,5.69,0,24.0,0,0,0,0,8550.0
106.4,0,0,0,0,0.98,0,41.5,0,1,1,0,4350.0
78.3,0,0,0,0,0.44,0,44.1,0,1,0,0,3550.0
103.3,0,0,0,0,1.84,0,131.1,0,0,0,0,3650.0
76.4,0,0,0,0,1.58,0,52.6,0,1,1,0,4250.0
92.1,0,0,0,0,1.99,0,158.6,0,1,1,0,5350.0
40.5,0,0,0,0,1.17,0,84.7,0,1,0,0,3550.0
57.7,0,0,0,0,1.53,0,115.0,0,1,0,0,4300.0
97.1,0,0,0,0,0.88,0,159.3,0,1,0,0,4750.0
87.3,0,0,0,0,0.32,0,132.9,0,1,0,0,4750.0
90.1,0,0,0,0,1.41,0,97.8,0,0,0,0,3950.0
76.4,0,0,0,0,1.11,0,51.9,0,1,0,0,3850.0
69.3,0,0,0,0,0.69,0,176.6,0,1,1,0,4650.0
95.3,0,0,0,0,1.69,0,50.5,0,1,1,0,4050.0
89.3,0,0,0,0,1.67,0,72.9,0,1,1,0,4300.0
106.5,0,0,0,0,1.1,0,102.5,0,1,1,0,4400.0
74.8,0,0,0,0,0.55,0,157.1,0,1,0,0,5000.0
49.7,0,0,0,0,0.29,0,121.6,0,1,0,0,4550.0
67.4,0,0,0,0,0.88,0,95.5,0,1,0,0,3400.0
28.4,0,0,0,0,2.17,0,158.1,0,0,0,0,2600.0
77.8,0,0,0,0,0.76,0,124.8,0,0,0,0,3150.0
54.7,0,0,0,0,2.08,0,97.6,0,1,1,0,4700.0
43.1,0,0,0,0,1.25,0,139.9,0,1,0,0,4100.0
98.8,0,0,0,0,0.82,0,172.7,0,1,1,0,4700.0
32.9,0,0,0,0,1.93,0,164.8,0,1,1,0,5150.0
31.6,0,0,0,0,0.94,0,128.5,0,0,0,0,3350.0
92.3,0,0,0,0,1.86,0,129.5,0,0,0,0,3300.0
76.1,0,0,0,0,0.64,0,58.5,0,1,0,0,3650.0
60.2,0,0,0,0,1.18,0,79.5,0,0,0,0,2900.0
96.8,0,0,0,0,0.85,0,131.7,0,1,0,0,4800.0
78.8,0,0,0,0,1.74,0,103.0,0,0,0,0,3000.0
102.2,0,0,0,0,1.11,0,125.0,0,0,0,0,3550.0
27.8,0,0,0,0,2.13,0,29.1,0,1,0,0,3100.0
93.1,0,0,0,0,1.66,0,114.6,0,0,0,0,3900.0
96.7,0,0,0,0,1.47,0,122.2,0,0,0,0,3000.0
73.6,0,0,0,0,2.46,0,28.9,0,1,0,0,3700.0
48.4,0,0,0,0,1.67,0,169.9,0,1,1,0,4750.0
33.6,0,0,0,0,1.32,0,148.3,0,1,1,0,4800.0
35.0,0,0,0,0,2.49,0,78.1,0,1,1,0,3650.0
101.4,0,0,0,0,0.39,0,29.6,0,1,1,0,3500.0
39.7,0,0,0,0,0.85,0,131.5,0,1,0,0,3950.0
94.4,0,0,0,0,1.19,0,121.6,0,1,1,0,4400.0
58.9,0,0,0,0,1.19,0,42.8,0,1,1,0,3600.0
73.2,0,0,0,0,0.35,0,74.8,0,1,1,0,5200.0
94.1,0,0,0,0,1.34,0,55.7,0,1,1,0,4300.0
102.5,0,0,0,0,1.13,0,69.1,0,0,0,0,2650.0
89.1,0,0,0,0,0.92,0,87.1,0,1,1,0,4650.0
36.8,0,0,0,0,1.87,0,179.0,0,1,1,0,4350.0
29.1,0,0,0,0,1.78,0,72.2,0,0,0,0,2550.0
79.1,0,0,0,0,0.75,0,128.6,0,1,0,0,4150.0
84.1,0,0,0,0,0.69,0,36.6,0,1,0,0,4450.0
80.7,0,0,0,0,0.5,0,156.4,0,0,0,0,3650.0
105.9,0,0,0,0,1.26,0,114.5,0,1,1,0,4900.0
55.1,0,0,0,0,1.19,0,57.9,0,1,0,0,3500.0
69.1,0,0,0,0,0.77,0,41.9,0,1,1,0,4250.0
87.4,0,0,0,0,0.67,0,161.3,0,0,0,0,3000.0
39.5,0,0,0,0,0.96,0,130.6,0,1,0,0,4050.0
66.5,0,0,0,0,2.08,0,63.4,0,1,0,0,4550.0
109.1,0,0,0,0,1.04,0,64.9,0,1,1,0,4300.0
55.4,0,0,0,0,1.8,0,29.8,0,1,1,0,4600.0
100.5,0,0,0,0,2.49,0,85.6,0,1,1,0,4100.0
103.8,0,0,0,0,1.4,0,47.8,0,1,0,0,3750.0
51.0,0,0,0,0,0.2,0,91.7,0,1,1,0,4400.0
49.7,0,0,0,0,0.77,0,30.0,0,1,1,0,4550.0
83.1,0,0,0,0,1.47,0,55.9,0,1,1,0,4700.0
67.8,0,0,0,0,1.01,0,131.2,0,1,0,0,5000.0
35.8,0,0,0,0,0.87,0,109.2,0,0,0,0,3050.0
94.9,0,0,0,0,2.19,0,112.6,0,1,0,0,4300.0
50.6,0,0,0,0,0.21,0,73.2,0,1,0,0,3150.0
58.2,0,0,0,0,1.31,0,168.5,0,1,1,0,3950.0
40.7,0,0,0,0,0.59,0,151.9,0,1,0,0,3550.0
64.4,0,0,0,0,0.85,0,151.1,0,1,1,0,3800.0
48.5,0,0,0,0,2.17,0,177.2,0,1,1,0,4000.0
91.7,0,0,0,0,0.36,0,127.1,0,0,0,0,4150.0
74.7,0,0,0,0,0.27,0,153.6,0,1,1,0,4400.0
89.2,0,0,0,0,1.61,0,90.1,0,1,0,0,4000.0
41.6,0,0,0,0,0.72,0,101.1,0,1,0,0,3800.0
73.3,0,0,0,0,1.77,0,159.0,0,0,0,0,3350.0
93.1,0,0,0,0,2.21,0,93.0,0,1,1,0,4400.0
58.2,0,0,0,0,0.56,0,80.5,0,1,0,0,3450.0
27.7,0,0,0,0,2.24,0,90.3,0,1,1,0,3550.0
100.4,0,0,0,0,1.86,0,99.2,0,1,0,0,4450.0
72.0,0,0,0,0,1.8,0,33.1,0,1,0,0,4200.0
32.8,0,0,0,0,1.93,0,26.6,0,0,0,0,2900.0
40.4,0,0,0,0,1.71,0,31.8,0,1,1,0,4550.0
62.7,0,0,0,0,1.47,0,71.9,0,0,0,0,3000.0
48.8,0,0,0,0,2.44,0,56.6,0,1,0,0,3550.0
26.8,0,0,0,0,1.55,0,154.6,0,1,0,0,4150.0
40.7,0,0,0,0,0.9,0,91.8,0,1,1,0,4650.0
98.6,0,0,0,0,1.93,0,146.3,0,0,0,0,3850.0
38.8,0,0,0,0,2.33,0,84.1,0,1,1,0,4400.0
47.8,0,0,0,0,1.97,0,63.8,0,1,1,0,4450.0
79.2,0,0,0,0,1.53,0,111.3,0,1,0,0,4350.0
37.5,0,0,0,0,0.46,0,120.8,0,1,0,0,4300.0
76.0,0,0,0,0,1.22,0,79.2,0,1,1,0,3800.0
53.5,0,0,0,0,1.28,0,88.3,0,0,0,0,2600.0
104.9,0,0,0,0,1.71,0,83.7,0,1,0,0,4200.0
76.6,0,0,0,0,0.93,0,127.2,0,1,0,0,3800.0
62.8,0,0,0,0,0.38,0,173.4,0,1,1,0,4550.0
76.5,0,0,0,0,0.47,0,148.4,0,1,0,0,4500.0
47.4,0,0,0,0,1.91,0,111.0,0,1,1,0,4150.0
84.2,0,0,0,0,0.97,0,62.4,0,0,0,0,3950.0
88.0,0,0,0,0,1.81,0,92.5,0,1,0,0,3900.0
52.2,0,0,0,0,0.84,0,52.4,0,0,0,0,3050.0
94.2,0,0,0,0,0.68,0,138.9,0,1,0,0,4450.0
104.8,0,0,0,0,0.44,0,65.2,0,1,1,0,4800.0
66.5,0,0,0,0,0.85,0,152.5,0,0,0,0,3950.0
32.4,0,0,0,0,1.74,0,46.2,0,0,0,0,3000.0
85.1,0,0,0,0,1.2,0,73.8,0,0,0,0,2500.0
36.6,0,0,0,0,1.75,0,83.3,0,1,1,0,4050.0
25.3,0,0,0,0,0.68,0,35.4,0,1,0,0,3100.0
81.8,0,0,0,0,1.58,0,101.0,0,1,1,0,5050.0
34.8,0,0,0,0,0.46,0,97.0,0,1,0,0,3500.0
100.6,0,0,0,0,1.98,0,146.3,0,1,1,0,5050.0
63.0,0,0,0,0,1.43,0,59.3,0,0,0,0,3000.0
91.3,0,0,0,0,1.96,0,76.7,0,1,1,0,4800.0
53.2,0,0,0,0,2.36,0,58.4,0,1,1,0,4050.0
27.9,0,0,0,0,1.07,0,141.2,0,1,0,0,4650.0
41.5,0,0,0,0,0.94,0,118.9,0,1,1,0,3950.0
107.2,0,0,0,0,2.29,0,112.0,0,1,1,0,4300.0
58.8,0,0,0,0,1.5,0,61.0,0,1,1,0,4450.0
59.3,0,0,0,0,2.13,0,154.9,0,0,0,0,3000.0
99.1,0,0,0,0,1.49,0,66.6,0,1,0,0,4000.0
56.9,0,0,0,0,1.92,0,142.3,0,1,0,0,3300.0
58.9,0,0,0,0,0.88,0,71.0,0,0,0,0,2850.0
93.2,0,0,0,0,1.59,0,172.6,0,1,1,0,5550.0
37.8,0,0,0,0,0.92,0,35.4,0,1,0,0,4200.0
78.4,0,0,0,0,2.09,0,168.8,0,0,0,0,4050.0
87.1,0,0,0,0,0.44,0,68.4,0,0,0,0,3950.0
42.8,0,0,0,0,0.7,0,25.4,0,0,0,0,2200.0
81.5,0,0,0,0,0.47,0,75.7,0,1,1,0,4850.0
105.4,0,0,0,0,2.13,0,154.2,0,1,0,0,4950.0
90.5,0,0,0,0,1.62,0,78.6,0,0,0,0,2450.0
74.8,0,0,0,0,2.31,0,75.9,0,1,1,0,5100.0
98.4,0,0,0,0,1.65,0,168.8,0,1,0,0,4550.0
32.0,0,0,0,0,1.22,0,154.3,0,1,1,0,4450.0
101.3,0,0,0,0,1.86,0,51.2,0,1,1,0,3800.0
62.7,0,0,0,0,1.36,0,67.7,0,1,0,0,3650.0
73.1,0,0,0,0,0.41,0,96.8,0,1,1,0,4350.0
51.2,0,0,0,0,2.19,0,130.5,0,1,0,0,3800.0
100.1,0,0,0,0,1.8,0,52.5,0,1,0,0,4150.0
38.2,0,0,0,0,1.2,0,113.2,0,1,0,0,3450.0
43.6,0,0,0,0,1.39,0,65.4,0,1,0,0,4300.0
98.9,0,0,0,0,0.97,0,26.2,0,1,1,0,3700.0
87.1,0,0,0,0,1.86,0,98.4,0,1,0,0,3500.0
75.4,0,0,0,0,0.89,0,50.4,0,1,0,0,3750.0
93.1,0,0,0,0,0.2,0,96.1,0,1,0,0,3700.0
25.4,0,0,0,0,1.46,0,49.7,0,1,1,0,3850.0
59.0,0,0,0,0,1.75,0,75.7,0,0,0,0,2700.0
56.4,0,0,0,0,1.6,0,77.7,0,0,0,0,3750.0
61.2,0,0,0,0,2.09,0,69.2,0,1,0,0,4250.0
80.7,0,0,0,0,0.57,0,87.7,0,1,0,0,3400.0
76.3,0,0,0,0,1.06,0,149.4,0,1,1,0,4150.0
53.7,0,0,0,0,0.65,0,169.8,0,0,0,0,3750.0
46.4,0,0,0,0,2.08,0,77.3,0,1,1,0,4000.0
46.1,0,0,0,0,1.87,0,38.0,0,1,0,0,3750.0
28.3,0,0,0,0,2.07,0,119.4,0,1,0,0,3550.0
96.1,0,0,0,0,0.64,0,92.2,0,1,1,0,4500.0
88.5,0,0,0,0,1.74,0,145.6,0,1,0,0,4250.0
33.3,0,0,0,0,0.71,0,59.8,0,1,0,0,4350.0
54.0,0,0,0,0,1.26,0,78.7,0,1,1,0,4400.0
32.1,0,0,0,0,0.9,0,140.9,0,0,0,0,2650.0
72.3,0,0,0,0,2.32,0,101.1,0,1,0,0,3300.0
71.8,0,0,0,0,2.27,0,79.6,0,1,0,0,3650.0
44.1,0,0,0,0,0.86,0,87.6,0,0,0,0,3400.0
83.1,0,0,0,0,1.16,0,40.2,0,1,1,0,3500.0
39.1,0,0,0,0,2.39,0,122.0,0,1,0,0,4150.0
39.9,0,0,0,0,0.94,0,170.3,0,1,0,0,4200.0
93.3,0,0,0,0,2.29,0,154.9,0,1,0,0,4750.0
100.1,0,0,0,0,1.6,0,108.3,0,0,0,0,3700.0
59.0,0,0,0,0,1.21,0,168.7,0,0,0,0,3150.0
80.8,0,0,0,0,1.31,0,47.0,0,1,1,0,3900.0
53.1,0,0,0,0,0.83,0,94.8,0,1,1,0,4100.0
65.4,0,0,0,0,1.91,0,93.2,0,1,1,0,4650.0
56.0,0,0,0,0,1.39,0,103.8,0,1,0,0,4100.0
99.0,0,0,0,0,1.07,0,99.7,0,1,1,0,4400.0
96.4,0,0,0,0,1.41,0,156.1,0,1,1,0,4900.0
45.8,0,0,0,0,2.35,0,148.6,0,0,0,0,3000.0
69.4,0,0,0,0,1.55,0,34.4,0,1,0,0,3500.0
41.8,0,0,0,0,1.32,0,109.1,0,1,0,0,3150.0
66.9,0,0,0,0,1.38,0,52.4,0,0,0,0,3850.0
66.4,0,0,0,0,1.28,0,74.5,0,1,1,0,3700.0
43.1,0,0,0,0,1.42,0,102.8,0,1,1,0,3850.0
52.7,0,0,0,0,1.57,0,105.1,0,1,0,0,3800.0
95.5,0,0,0,0,1.5,0,73.9,0,0,0,0,3650.0
94.6,0,0,0,0,0.79,0,56.3,0,0,0,0,2550.0
97.8,0,0,0,0,0.95,0,41.6,0,1,0,0,4400.0
30.0,0,0,0,0,1.44,0,33.7,0,1,1,0,4500.0
72.8,0,0,0,0,1.46,0,92.9,0,1,0,0,4500.0
40.7,0,0,0,0,0.97,0,97.6,0,1,0,0,4050.0
102.6,0,0,0,0,1.21,0,104.4,0,1,0,0,4050.0
107.8,0,0,0,0,2.04,0,146.0,0,0,0,0,4050.0
80.3,0,0,0,0,0.98,0,36.3,0,1,0,0,3750.0
61.3,0,0,0,0,1.75,0,65.1,0,1,0,0,4550.0
51.2,0,0,0,0,2.37,0,40.6,0,1,1,0,3950.0
44.8,0,0,0,0,0.26,0,167.6,0,0,0,0,3100.0
58.9,0,0,0,0,2.07,0,56.9,0,1,1,0,4700.0
42.9,0,0,0,0,1.3,0,39.1,0,1,0,0,4250.0
105.4,0,0,0,0,1.81,0,126.1,0,1,0,0,3600.0
73.0,0,0,0,0,1.8,0,44.8,0,0,0,0,3500.0
104.6,0,0,0,0,2.06,0,174.6,0,1,0,0,4700.0
91.6,0,0,0,0,0.28,0,76.4,0,0,0,0,2800.0
101.3,0,0,0,0,0.46,0,39.3,0,1,0,0,3750.0
106.3,0,0,0,0,1.33,0,128.6,0,0,0,0,3500.0
49.0,0,0,0,0,0.78,0,120.3,0,1,1,0,4200.0
56.9,0,0,0,0,2.16,0,47.5,0,1,0,0,3700.0
26.0,0,0,0,0,0.63,0,99.5,0,0,0,0,2950.0
53.7,0,0,0,0,2.06,0,163.3,0,1,0,0,4000.0
33.0,0,0,0,0,0.48,0,176.1,0,1,1,0,4000.0
37.0,0,0,0,0,0.66,0,130.5,0,1,0,0,3650.0
56.8,0,0,0,0,1.66,0,40.5,0,1,0,0,3200.0
58.1,0,0,0,0,1.3,0,105.9,0,1,0,0,4000.0
37.2,0,0,0,0,2.06,0,152.5,0,0,0,0,3300.0
36.9,0,0,0,0,1.55,0,87.2,0,1,1,0,4500.0
44.7,0,0,0,0,1.44,0,92.9,0,1,1,0,4300.0
74.7,0,0,0,0,2.03,0,160.8,0,0,0,0,3350.0
96.1,0,0,0,0,1.67,0,174.3,0,0,0,0,3500.0
23.0,0,0,1,0,0.5,0,29.0,0,1,0,0,1800.0
21.5,0,0,1,0,0.52,0,29.3,0,1,1,0,2300.0
43.3,0,0,1,0,0.33,0,42.6,0,0,0,0,1850.0
23.6,0,0,1,0,0.5,0,61.8,0,1,0,0,2100.0
47.7,0,0,1,0,0.38,0,31.4,0,0,0,0,2050.0
31.4,0,0,1,0,0.56,0,37.2,0,1,0,0,2300.0
50.7,0,0,1,0,0.27,0,30.8,0,1,1,0,2500.0
39.7,0,0,1,0,0.24,0,51.7,0,1,0,0,2450.0
34.9,0,0,1,0,0.38,0,47.0,0,1,0,0,2550.0
52.4,0,0,1,0,0.26,0,62.5,0,1,0,0,3050.0
23.8,0,0,1,0,0.21,0,58.1,0,1,0,0,2000.0
35.5,0,0,1,0,0.17,0,55.6,0,1,0,0,2200.0
55.0,0,0,1,0,0.48,0,27.1,0,1,0,0,2300.0
46.2,0,0,1,0,0.15,0,38.3,0,1,0,0,2200.0
38.0,0,0,1,0,0.3,0,32.4,0,1,0,0,2250.0
20.1,0,0,1,0,0.11,0,64.4,0,1,1,0,2400.0
51.4,0,0,1,0,0.4,0,61.5,0,1,0,0,2450.0
32.6,0,0,1,0,0.36,0,32.2,0,0,0,0,1850.0
43.9,0,0,1,0,0.36,0,37.8,0,1,0,0,2250.0
23.0,0,0,1,0,0.15,0,26.0,0,1,0,0,2400.0
43.1,0,0,1,0,0.37,0,54.6,0,1,1,0,2450.0
43.7,0,0,1,0,0.27,0,61.6,0,1,1,0,2700.0
34.7,0,0,1,0,0.51,0,25.4,0,1,0,0,2050.0
43.0,0,0,1,0,0.55,0,29.6,0,1,1,0,2250.0
34.2,0,0,1,0,0.2,0,60.4,0,1,0,0,2200.0
28.7,0,0,1,0,0.32,0,49.6,0,1,0,0,2300.0
53.2,0,0,1,0,0.2,0,39.0,0,1,1,0,2400.0
41.7,0,0,1,0,0.18,0,36.5,0,1,1,0,2700.0
20.1,0,0,1,0,0.29,0,27.3,0,1,0,0,2100.0
42.1,0,0,1,0,0.59,0,38.8,0,1,0,0,2150.0
21.5,0,0,1,0,0.54,0,41.4,0,0,0,0,1850.0
33.1,0,0,1,0,0.3,0,38.0,0,1,1,0,2500.0
27.7,0,0,1,0,0.15,0,30.7,0,1,1,0,2600.0
20.9,0,0,1,0,0.38,0,33.3,0,1,0,0,2350.0
52.4,0,0,1,0,0.31,0,31.1,0,1,0,0,2200.0
24.9,0,0,1,0,0.29,0,40.2,0,1,1,0,2800.0
51.9,0,0,1,0,0.17,0,27.8,0,1,1,0,2600.0
20.6,0,0,1,0,0.31,0,60.6,0,1,0,0,2250.0
36.2,0,0,1,0,0.12,0,42.3,0,1,0,0,2200.0
21.3,0,0,1,0,0.45,0,51.9,0,1,0,0,2350.0
52.9,0,0,1,0,0.14,0,61.8,0,1,1,0,3000.0
48.0,0,0,1,0,0.1,0,59.5,0,1,0,0,2400.0
37.1,0,0,1,0,0.59,0,32.9,0,1,1,0,2800.0
45.2,0,0,1,0,0.14,0,53.1,0,1,1,0,2750.0
46.5,0,0,1,0,0.43,0,46.2,0,0,0,0,1850.0
20.4,0,0,1,0,0.14,0,54.8,0,1,0,0,2200.0
47.5,0,0,1,0,0.6,0,37.5,0,1,0,0,2300.0
35.1,0,0,1,0,0.17,0,26.0,0,1,0,0,1950.0
37.0,0,0,1,0,0.2,0,35.8,0,1,1,0,2250.0
32.7,0,0,1,0,0.58,0,29.2,0,1,0,0,2350.0
42.0,0,0,1,0,0.36,0,49.0,0,1,1,0,2550.0
52.8,0,0,1,0,0.42,0,61.1,0,0,0,0,2050.0
34.0,0,0,1,0,0.48,0,32.7,0,1,1,0,2300.0
49.7,0,0,1,0,0.58,0,50.8,0,1,1,0,2750.0
27.4,0,0,1,0,0.11,0,36.8,0,1,0,0,2300.0
36.4,0,0,1,0,0.4,0,32.9,0,1,0,0,2000.0
43.3,0,0,1,0,0.26,0,40.8,0,0,0,0,1900.0
25.0,0,0,1,0,0.18,0,29.1,0,1,1,0,2350.0
45.0,0,0,1,0,0.14,0,46.9,0,1,1,0,2700.0
47.3,0,0,1,0,0.58,0,63.0,0,1,1,0,2650.0
21.4,0,0,1,0,0.2,0,48.6,0,1,1,0,2550.0
27.4,0,0,1,0,0.29,0,29.5,0,1,0,0,2400.0
55.4,0,0,1,0,0.18,0,49.1,0,1,0,0,2600.0
53.5,0,0,1,0,0.29,0,37.1,0,1,1,0,2350.0
30.9,0,0,1,0,0.57,0,35.5,0,0,0,0,1850.0
46.1,0,0,1,0,0.54,0,43.2,0,1,1,0,2300.0
49.9,0,0,1,0,0.59,0,41.5,0,1,1,0,2400.0
44.8,0,0,1,0,0.6,0,57.4,0,1,0,0,2600.0
33.4,0,0,1,0,0.46,0,61.1,0,1,1,0,2850.0
33.0,0,0,1,0,0.4,0,42.3,0,0,0,0,1900.0
50.6,0,0,1,0,0.59,0,47.9,0,0,0,0,2150.0
46.6,0,0,1,0,0.49,0,52.4,0,1,1,0,2800.0
43.1,0,0,1,0,0.52,0,43.1,0,0,0,0,1850.0
54.0,0,0,1,0,0.11,0,51.5,0,1,1,0,3000.0
42.1,0,0,1,0,0.44,0,28.8,0,1,0,0,1900.0
29.1,0,0,1,0,0.36,0,29.7,0,1,0,0,2100.0
47.9,0,0,1,0,0.55,0,57.3,0,0,0,0,1950.0
25.0,0,0,1,0,0.57,0,54.6,0,1,0,0,1950.0
35.7,0,0,1,0,0.13,0,53.1,0,1,0,0,2550.0
36.1,0,0,1,0,0.29,0,64.9,0,1,1,0,2650.0
33.4,0,0,1,0,0.11,0,45.4,0,1,1,0,2550.0
37.2,0,0,1,0,0.29,0,29.0,0,1,0,0,1900.0
50.2,0,0,1,0,0.21,0,39.5,0,1,1,0,2750.0
43.3,0,0,1,0,0.18,0,55.2,0,1,1,0,2450.0
43.4,0,0,1,0,0.27,0,64.5,0,0,0,0,2350.0
36.9,0,0,1,0,0.34,0,28.6,0,1,0,0,2000.0
32.5,0,0,1,0,0.51,0,37.3,0,1,0,0,2300.0
45.7,0,0,1,0,0.2,0,47.1,0,1,0,0,2300.0
28.8,0,0,1,0,0.24,0,44.4,0,1,0,0,2000.0
36.4,0,0,1,0,0.39,0,64.6,0,1,0,0,2400.0
26.5,0,0,1,0,0.5,0,39.5,0,1,0,0,2050.0
20.4,0,0,1,0,0.41,0,38.5,0,1,0,0,2050.0
47.4,0,0,1,0,0.58,0,31.9,0,1,0,0,2200.0
28.7,0,0,1,0,0.55,0,49.4,0,0,0,0,1800.0
50.5,0,0,1,0,0.32,0,41.3,0,1,0,0,2150.0
38.0,0,0,1,0,0.52,0,49.6,0,1,1,0,2650.0
29.0,0,0,1,0,0.22,0,36.6,0,1,0,0,2050.0
50.5,0,0,1,0,0.28,0,64.2,0,0,0,0,2000.0
25.1,0,0,1,0,0.54,0,42.4,0,1,0,0,2550.0
53.9,0,0,1,0,0.22,0,60.8,0,0,0,0,1900.0
25.5,0,0,1,0,0.22,0,62.3,0,1,0,0,2050.0
28.7,0,0,1,0,0.28,0,49.4,0,0,0,0,2000.0
20.0,0,0,1,0,0.5,0,43.4,0,1,1,0,2300.0
47.1,0,0,1,0,0.3,0,45.9,0,1,0,0,2350.0
20.9,0,0,1,0,0.48,0,44.5,0,1,0,0,2400.0
52.4,0,0,1,0,0.23,0,61.1,0,1,0,0,2450.0
32.6,0,0,1,0,0.54,0,61.4,0,0,0,0,2000.0
31.2,0,0,1,0,0.11,0,45.3,0,1,0,0,2250.0
42.4,0,0,1,0,0.13,0,36.4,0,1,1,0,2700.0
25.2,0,0,1,0,0.2,0,55.5,0,1,1,0,2150.0
55.7,0,0,1,0,0.6,0,33.4,0,1,1,0,2650.0
42.2,0,0,1,0,0.53,0,64.2,0,0,0,0,2050.0
49.0,0,0,1,0,0.22,0,56.1,0,0,0,0,2200.0
22.9,0,0,1,0,0.34,0,31.5,0,0,0,0,1850.0
24.3,0,0,1,0,0.54,0,34.4,0,1,0,0,2200.0
50.7,0,0,1,0,0.14,0,29.0,0,1,1,0,2800.0
24.8,0,0,1,0,0.28,0,64.3,0,1,0,0,2250.0
49.6,0,0,1,0,0.18,0,32.7,0,1,0,0,2250.0
25.7,0,0,1,0,0.36,0,56.0,0,1,1,0,2600.0
35.0,0,0,1,0,0.5,0,62.2,0,0,0,0,1850.0
24.5,0,0,1,0,0.24,0,53.9,0,1,1,0,2400.0
52.2,0,0,1,0,0.28,0,51.2,0,1,1,0,2900.0
24.8,0,0,1,0,0.58,0,38.1,0,1,1,0,2400.0
28.6,0,0,1,0,0.58,0,49.2,0,0,0,0,1850.0
37.4,0,0,1,0,0.35,0,58.0,0,1,1,0,2650.0
36.4,0,0,1,0,0.37,0,53.8,0,1,0,0,2500.0
53.2,0,0,1,0,0.21,0,58.4,0,1,0,0,2800.0
28.6,0,0,1,0,0.12,0,25.1,0,1,0,0,2200.0
48.1,0,0,1,0,0.56,0,59.2,0,1,0,0,2450.0
26.1,0,0,1,0,0.23,0,36.7,0,1,0,0,2200.0
50.7,0,0,1,0,0.22,0,25.1,0,0,0,0,1800.0
37.3,0,0,1,0,0.49,0,49.6,0,1,1,0,2700.0
25.2,0,0,1,0,0.51,0,31.4,0,1,0,0,1800.0
26.8,0,0,1,0,0.49,0,50.5,0,1,1,0,2750.0
27.2,0,0,1,0,0.33,0,26.7,0,1,1,0,2400.0
41.3,0,0,1,0,0.38,0,43.9,0,1,0,0,2450.0
53.8,0,0,1,0,0.6,0,51.6,0,1,0,0,2600.0
20.8,0,0,1,0,0.26,0,64.3,0,1,0,0,2300.0
41.0,0,0,1,0,0.12,0,28.2,0,1,0,0,1900.0
23.6,0,0,1,0,0.57,0,41.1,0,1,0,0,2350.0
39.5,0,0,1,0,0.4,0,35.6,0,1,0,0,2500.0
26.1,0,0,1,0,0.53,0,63.3,0,1,0,0,2400.0
27.6,0,0,1,0,0.2,0,51.7,0,1,1,0,2650.0
20.1,0,0,1,0,0.4,0,29.6,0,1,0,0,2300.0
46.3,0,0,1,0,0.17,0,52.4,0,1,0,0,2550.0
46.1,0,0,1,0,0.53,0,56.4,0,1,0,0,2650.0
37.6,0,0,1,0,0.32,0,63.0,0,1,0,0,2600.0
37.3,0,0,1,0,0.17,0,42.5,0,0,0,0,2150.0
44.8,0,0,1,0,0.43,0,35.9,0,0,0,0,1800.0
42.6,0,0,1,0,0.1,0,64.1,0,0,0,0,1900.0
29.0,0,0,1,0,0.39,0,57.2,0,1,0,0,2150.0
37.0,0,0,1,0,0.27,0,34.6,0,1,0,0,2150.0
23.7,0,0,1,0,0.37,0,64.6,0,1,1,0,2400.0
53.2,0,0,1,0,0.15,0,49.5,0,1,0,0,2400.0
53.3,0,0,1,0,0.6,0,44.6,0,0,0,0,1850.0
24.8,0,0,1,0,0.43,0,43.4,0,1,1,0,2250.0
50.0,0,0,1,0,0.29,0,31.4,0,1,1,0,2500.0
29.6,0,0,1,0,0.38,0,45.8,0,1,0,0,2600.0
53.4,0,0,1,0,0.16,0,60.0,0,1,0,0,2850.0
39.4,0,0,1,0,0.16,0,34.3,0,0,0,0,1900.0
32.0,0,0,1,0,0.19,0,30.4,0,1,0,0,1950.0
46.6,0,0,1,0,0.18,0,37.9,0,1,0,0,2650.0
25.9,0,0,1,0,0.42,0,54.7,0,1,0,0,2150.0
45.9,0,0,1,0,0.26,0,64.5,0,1,0,0,2400.0
25.4,0,0,1,0,0.24,0,58.0,0,1,1,0,2450.0
23.2,0,0,1,0,0.24,0,54.0,0,1,1,0,2600.0
46.3,0,0,1,0,0.12,0,47.1,0,1,0,0,2450.0
39.7,0,0,1,0,0.54,0,43.9,0,1,1,0,2500.0
46.1,0,0,1,0,0.42,0,45.9,0,1,1,0,2700.0
31.1,0,0,1,0,0.14,0,56.1,0,0,0,0,2200.0
48.4,0,0,1,0,0.28,0,53.8,0,1,1,0,2750.0
47.8,0,0,1,0,0.28,0,54.2,0,1,0,0,2400.0
34.2,0,0,1,0,0.17,0,33.9,0,1,1,0,2600.0
36.6,0,0,1,0,0.3,0,45.0,0,1,0,0,2150.0
50.2,0,0,1,0,0.11,0,46.0,0,1,1,0,2950.0
34.1,0,0,1,0,0.27,0,49.4,0,0,0,0,1800.0
28.3,0,0,1,0,0.27,0,46.2,0,1,1,0,2700.0
32.8,0,0,1,0,0.35,0,57.7,0,1,0,0,2300.0
21.7,0,0,1,0,0.29,0,34.3,0,1,1,0,2500.0
51.3,0,0,1,0,0.52,0,51.3,0,1,0,0,2700.0
42.9,0,0,1,0,0.17,0,47.8,0,1,1,0,2650.0
30.6,0,0,1,0,0.58,0,30.7,0,1,0,0,2150.0
43.1,0,0,1,0,0.21,0,32.0,0,1,0,0,2350.0
50.1,0,0,1,0,0.51,0,64.2,0,0,0,0,1850.0
39.6,0,0,1,0,0.43,0,30.9,0,1,0,0,2450.0
47.6,0,0,1,0,0.26,0,57.3,0,1,0,0,2550.0
42.7,0,0,1,0,0.47,0,27.9,0,1,0,0,2050.0
27.9,0,0,1,0,0.11,0,36.2,0,1,0,0,2150.0
32.4,0,0,1,0,0.15,0,47.2,0,0,0,0,1850.0
53.7,0,0,1,0,0.23,0,52.0,0,0,0,0,1800.0
36.8,0,0,1,0,0.33,0,62.1,0,1,0,0,2250.0
24.8,0,0,1,0,0.39,0,44.8,0,1,1,0,2600.0
25.1,0,0,1,0,0.36,0,40.8,0,0,0,0,1950.0
53.4,0,0,1,0,0.47,0,61.2,0,1,0,0,3000.0
29.4,0,0,1,0,0.31,0,62.2,0,1,1,0,2550.0
39.6,0,0,1,0,0.3,0,64.8,0,1,0,0,2500.0
37.2,0,0,1,0,0.53,0,27.4,0,1,0,0,2250.0
38.8,0,0,1,0,0.19,0,55.8,0,0,0,0,2200.0
35.5,0,0,1,0,0.24,0,49.4,0,1,1,0,2250.0
32.8,0,0,0,0,5.34,0,23.1,0,1,0,0,4050.0
14.1,0,0,0,0,3.45,0,51.6,0,1,0,0,4850.0
32.3,0,0,0,0,1.24,0,33.9,0,1,0,0,5000.0
40.7,0,0,0,0,4.22,0,10.0,0,0,0,0,3700.0
35.6,0,0,0,0,1.97,0,11.4,0,1,0,0,3850.0
18.4,0,0,0,0,4.23,0,21.1,0,1,0,0,4600.0
13.6,0,0,0,0,3.39,0,40.6,0,1,0,0,4900.0
14.6,0,0,0,0,0.99,0,48.7,0,1,1,0,5000.0
47.1,0,0,0,0,3.92,0,20.1,0,1,0,0,4800.0
36.2,0,0,0,0,5.1,0,22.1,0,1,1,0,5600.0
31.4,0,0,0,0,1.73,0,48.1,0,1,0,0,4700.0
18.0,0,0,0,0,5.99,0,27.2,0,1,0,0,3900.0
28.1,0,0,0,0,3.52,0,50.1,0,0,0,0,4100.0
48.8,0,0,0,0,3.26,0,16.2,0,0,0,0,3700.0
32.6,0,0,0,0,1.06,0,23.7,0,1,0,0,3750.0
13.3,0,0,0,0,5.02,0,20.6,0,0,0,0,3850.0
35.0,0,0,0,0,2.1,0,18.2,0,0,0,0,2800.0
42.4,0,0,0,0,4.58,0,23.2,0,1,0,0,5450.0
18.6,0,0,0,0,1.2,0,12.8,0,0,0,0,2400.0
42.3,0,0,0,0,1.32,0,30.8,0,1,0,0,4850.0
31.8,0,0,0,0,5.68,0,27.1,0,1,0,0,5800.0
34.7,0,0,0,0,1.08,0,18.2,0,1,1,0,4250.0
17.0,0,0,0,0,1.6,0,53.0,0,1,1,0,5100.0
24.6,0,0,0,0,4.82,0,26.4,0,0,0,0,3100.0
46.4,0,0,0,0,3.6,0,23.0,0,1,1,0,5450.0
29.8,0,0,0,0,4.13,0,17.3,0,1,0,0,4200.0
11.3,0,0,0,0,1.15,0,40.4,0,1,0,0,3800.0
33.3,0,0,0,0,2.36,0,32.8,0,1,0,0,4550.0
22.5,0,0,0,0,4.01,0,23.6,0,0,0,0,3100.0
45.1,0,0,0,0,5.59,0,38.9,0,0,0,0,3400.0
51.0,0,0,0,0,0.86,0,35.9,0,1,0,0,5200.0
28.5,0,0,0,0,1.04,0,43.9,0,0,0,0,3600.0
42.5,0,0,0,0,4.66,0,39.8,0,0,0,0,3700.0
39.7,0,0,0,0,4.94,0,30.5,0,0,0,0,4100.0
51.5,0,0,0,0,2.23,0,48.7,0,1,0,0,5600.0
46.2,0,0,0,0,3.74,0,19.7,0,1,0,0,4150.0
27.4,0,0,0,0,5.14,0,44.3,0,1,1,0,4450.0
22.5,0,0,0,0,2.88,0,17.5,0,1,1,0,5000.0
21.7,0,0,0,0,4.23,0,48.9,0,1,1,0,4700.0
26.6,0,0,0,0,0.76,0,50.2,0,1,0,0,4650.0
10.1,0,0,0,0,1.06,0,12.0,0,0,0,0,3150.0
44.4,0,0,0,0,3.29,0,14.0,0,1,0,0,4750.0
18.8,0,0,0,0,1.78,0,11.9,0,1,1,0,3900.0
41.7,0,0,0,0,1.42,0,11.1,0,1,0,0,4450.0
55.0,0,0,0,0,3.8,0,46.2,0,1,0,0,5500.0
47.4,0,0,0,0,0.58,0,41.5,0,0,0,0,3300.0
40.0,0,0,0,0,0.51,0,15.6,0,1,0,0,4450.0
11.9,0,0,0,0,4.92,0,37.5,0,1,0,0,4500.0
36.6,0,0,0,0,2.54,0,40.8,0,1,1,0,4800.0
47.4,0,0,0,0,1.58,0,44.3,0,1,0,0,5100.0
48.2,0,0,0,0,1.6,0,53.0,0,1,0,0,5800.0
14.3,0,0,0,0,5.68,0,51.9,0,0,0,0,3800.0
53.9,0,0,0,0,3.41,0,53.3,0,1,0,0,5100.0
44.1,0,0,0,0,2.39,0,30.3,0,1,0,0,4150.0
28.8,0,0,0,0,5.04,0,24.4,0,1,1,0,5750.0
37.0,0,0,0,0,1.24,0,29.1,0,1,1,0,4850.0
45.6,0,0,0,0,0.65,0,29.1,0,0,0,0,3300.0
18.2,0,0,0,0,5.59,0,38.8,0,1,1,0,4450.0
12.9,0,0,0,0,0.97,0,10.5,0,1,0,0,4050.0
22.0,0,0,0,0,1.68,0,28.0,0,1,0,0,4700.0
54.9,0,0,0,0,5.97,0,15.1,0,1,0,0,4650.0
18.4,0,0,0,0,2.2,0,21.2,0,1,0,0,4500.0
29.3,0,0,0,0,4.3,0,39.3,0,1,0,0,4950.0
34.6,0,0,0,0,5.25,0,53.0,0,1,0,0,5700.0
38.2,0,0,0,0,3.85,0,52.6,0,1,0,0,4950.0
24.7,0,0,0,0,4.9,0,36.5,0,1,1,0,4700.0
25.8,0,0,0,0,4.22,0,13.2,0,1,0,0,5200.0
24.7,0,0,0,0,0.44,0,37.0,0,1,0,0,4450.0
45.3,0,0,0,0,2.84,0,43.3,0,1,1,0,5950.0
35.7,0,0,0,0,2.19,0,45.2,0,1,0,0,4850.0
41.5,0,0,0,0,2.27,0,12.4,0,1,1,0,4800.0
29.3,0,0,0,0,3.05,0,49.7,0,1,0,0,4900.0
54.7,0,0,0,0,3.41,0,10.3,0,1,0,0,5400.0
30.0,0,0,0,0,4.89,0,45.4,0,1,0,0,4900.0
20.3,0,0,0,0,1.68,0,44.2,0,1,0,0,5450.0
40.2,0,0,0,0,2.22,0,41.3,0,1,0,0,4900.0
49.1,0,0,0,0,1.18,0,48.0,0,1,0,0,5400.0
20.9,0,0,0,0,4.56,0,23.2,0,1,1,0,5000.0
46.1,0,0,0,0,5.79,0,13.0,0,0,0,0,3800.0
22.0,0,0,0,0,1.69,0,50.2,0,1,1,0,5600.0
33.1,0,0,0,0,5.94,0,13.0,0,1,1,0,5700.0
30.3,0,0,0,0,3.99,0,45.3,0,1,0,0,4250.0
46.2,0,0,0,0,3.68,0,35.6,0,1,1,0,6500.0
21.4,0,0,0,0,5.23,0,20.5,0,0,0,0,3900.0
17.3,0,0,0,0,0.98,0,20.6,0,0,0,0,4150.0
42.0,0,0,0,0,1.22,0,35.1,0,1,1,0,5650.0
42.2,0,0,0,0,4.98,0,15.5,0,1,1,0,3950.0
45.4,0,0,0,0,4.69,0,22.4,0,1,1,0,5300.0
30.6,0,0,0,0,0.42,0,43.8,0,0,0,0,3300.0
53.8,0,0,0,0,0.92,0,40.1,0,1,0,0,4600.0
37.6,0,0,0,0,4.73,0,51.5,0,1,0,0,5250.0
17.2,0,0,0,0,3.36,0,37.3,0,1,0,0,4350.0
30.4,0,0,0,0,2.51,0,13.5,0,1,1,0,4550.0
27.1,0,0,0,0,5.19,0,23.6,0,0,0,0,3850.0
31.9,0,0,0,0,4.59,0,23.1,0,1,1,0,4550.0
52.3,0,0,0,0,1.19,0,29.6,0,0,0,0,3950.0
14.7,0,0,0,0,2.49,0,34.9,0,0,0,0,3700.0
42.0,0,0,0,0,0.75,0,10.8,0,1,0,0,4450.0
51.4,0,0,0,0,5.36,0,37.5,0,1,1,0,5750.0
16.1,0,0,0,0,5.63,0,28.9,0,0,0,0,3450.0
35.8,0,0,0,0,5.13,0,53.9,0,0,0,0,3800.0
12.4,0,0,0,0,0.58,0,35.6,0,1,0,0,4100.0
35.3,0,0,0,0,4.94,0,24.7,0,1,0,0,4950.0
53.0,0,0,0,0,4.5,0,44.5,0,0,0,0,3900.0
11.6,0,0,0,0,4.74,0,25.0,0,1,0,0,4250.0
25.2,0,0,0,0,0.74,0,51.3,0,0,0,0,4750.0
34.6,0,0,0,0,1.68,0,53.5,0,0,0,0,4450.0
46.7,0,0,0,0,2.6,0,51.7,0,1,1,0,6050.0
14.8,0,0,0,0,4.49,0,32.2,0,1,0,0,3650.0
16.4,0,0,0,0,2.89,0,46.2,0,1,0,0,4600.0
40.7,0,0,0,0,4.13,0,54.9,0,1,0,0,6200.0
15.0,0,0,0,0,1.43,0,19.7,0,0,0,0,2900.0
12.0,0,0,0,0,2.88,0,47.6,0,1,1,0,4100.0
12.2,0,0,0,0,4.19,0,54.2,0,1,1,0,4250.0
12.1,0,0,0,0,1.99,0,37.5,0,1,1,0,4050.0
25.6,0,0,0,0,4.24,0,43.8,0,1,1,0,5400.0
52.4,0,0,0,0,0.81,0,50.9,0,1,0,0,5250.0
35.7,0,0,0,0,5.79,0,23.0,0,1,1,0,5250.0
38.5,0,0,0,0,1.59,0,47.3,0,1,1,0,4800.0
19.8,0,0,0,0,0.93,0,20.0,0,1,0,0,4450.0
33.0,0,0,0,0,5.46,0,20.9,0,1,1,0,4750.0
24.5,0,0,0,0,1.36,0,35.5,0,1,0,0,4800.0
30.6,0,0,0,0,1.83,0,25.9,0,0,0,0,3850.0
18.1,0,0,0,0,0.95,0,29.4,0,0,0,0,3450.0
40.9,0,0,0,0,4.73,0,35.4,0,1,1,0,5950.0
41.9,0,0,0,0,5.54,0,43.8,0,1,0,0,4950.0
24.9,0,0,0,0,4.08,0,49.7,0,0,0,0,4600.0
38.1,0,0,0,0,4.11,0,47.7,0,1,1,0,5050.0
53.8,0,0,0,0,4.38,0,53.0,0,1,0,0,5100.0
32.4,0,0,0,0,5.3,0,48.3,0,1,0,0,4900.0
10.1,0,0,0,0,4.41,0,54.3,0,1,0,0,4500.0
39.3,0,0,0,0,4.22,0,54.6,0,0,0,0,3450.0
52.5,0,0,0,0,5.81,0,11.3,0,1,1,0,4200.0
26.5,0,0,0,0,5.11,0,35.1,0,0,0,0,3550.0
26.3,0,0,0,0,4.76,0,12.7,0,0,0,0,3450.0
35.5,0,0,0,0,3.79,0,25.5,0,1,1,0,5200.0
39.9,0,0,0,0,5.67,0,51.4,0,1,1,0,5350.0
43.3,0,0,0,0,1.74,0,51.9,0,1,0,0,6300.0
52.6,0,0,0,0,2.45,0,53.8,0,1,0,0,5050.0
48.2,0,0,0,0,2.49,0,33.8,0,1,1,0,5650.0
42.5,0,0,0,0,2.28,0,52.4,0,1,0,0,5400.0
29.4,0,0,0,0,1.39,0,50.8,0,1,1,0,4300.0
44.2,0,0,0,0,5.66,0,36.8,0,1,1,0,4850.0
22.0,0,0,0,0,2.0,0,27.3,0,0,0,0,3550.0
49.9,0,0,0,0,2.94,0,19.6,0,1,0,0,4100.0
51.4,0,0,0,0,2.46,0,16.4,0,1,1,0,4400.0
22.0,0,0,0,0,3.19,0,40.6,0,1,1,0,4750.0
20.0,0,0,0,0,3.63,0,30.0,0,1,1,0,5500.0
52.0,0,0,0,0,2.46,0,12.8,0,1,0,0,4200.0
15.4,0,0,0,0,5.82,0,11.2,0,1,1,0,5050.0
18.9,0,0,0,0,1.26,0,38.0,0,0,0,0,3300.0
42.4,0,0,0,0,5.4,0,53.5,0,1,1,0,5300.0
10.1,0,0,0,0,4.28,0,26.4,0,0,0,0,3000.0
27.9,0,0,0,0,2.97,0,50.8,0,1,1,0,5600.0
32.1,0,0,0,0,4.01,0,17.0,0,0,0,0,2650.0
51.5,0,0,0,0,1.85,0,44.3,0,1,1,0,5050.0
43.9,0,0,0,0,2.34,0,23.1,0,0,0,0,2950.0
27.0,0,0,0,0,5.96,0,46.9,0,1,0,0,4650.0
22.2,0,0,0,0,0.99,0,40.8,0,1,0,0,5350.0
19.9,0,0,0,0,0.72,0,27.3,0,0,0,0,2800.0
45.6,0,0,0,0,3.58,0,12.0,0,0,0,0,4250.0
24.8,0,0,0,0,4.15,0,22.2,0,1,1,0,4900.0
10.8,0,0,0,0,4.13,0,17.6,0,1,0,0,3900.0
50.8,0,0,0,0,3.57,0,37.9,0,1,1,0,5750.0
39.3,0,0,0,0,5.77,0,40.4,0,1,0,0,4650.0
19.1,0,0,0,0,2.54,0,37.1,0,1,1,0,5050.0
36.4,0,0,0,0,2.35,0,25.8,0,0,0,0,3050.0
28.9,0,0,0,0,2.13,0,35.3,0,1,0,0,4150.0
21.6,0,0,0,0,1.77,0,24.9,0,1,1,0,5050.0
14.9,0,0,0,0,1.17,0,38.6,0,1,1,0,5150.0
30.8,0,0,0,0,1.71,0,40.3,0,1,1,0,4800.0
28.6,0,0,0,0,2.25,0,29.6,0,1,0,0,5100.0
43.9,0,0,0,0,5.2,0,20.9,0,1,0,0,4500.0
20.1,0,0,0,0,1.12,0,36.7,0,1,0,0,4000.0
17.1,0,0,0,0,4.66,0,53.5,0,1,1,0,5300.0
26.7,0,0,0,0,5.21,0,31.3,0,1,1,0,4750.0
47.0,0,0,0,0,2.39,0,16.4,0,1,1,0,4350.0
38.3,0,0,0,0,3.51,0,47.8,0,1,0,0,5050.0
27.8,0,0,0,0,5.63,0,20.0,0,1,1,0,5150.0
18.8,0,0,0,0,2.68,0,30.6,0,1,1,0,4400.0
11.5,0,0,0,0,4.05,0,45.6,0,1,0,0,5250.0
12.9,0,0,0,0,2.09,0,21.9,0,0,0,0,3250.0
29.0,0,0,0,0,2.29,0,25.2,0,0,0,0,3900.0
24.9,0,0,0,0,1.54,0,35.8,0,1,1,0,4550.0
29.7,0,0,0,0,3.81,0,29.2,0,1,0,0,5100.0
46.7,0,0,0,0,1.92,0,17.7,0,0,0,0,3500.0
42.3,0,0,0,0,1.14,0,53.1,0,1,1,0,5400.0
24.5,0,0,0,0,4.81,0,21.7,0,1,0,0,3650.0
25.3,0,0,0,0,1.27,0,49.2,0,1,0,0,5550.0
21.2,0,0,0,0,5.67,0,18.4,0,0,0,0,2800.0
54.2,0,0,0,0,4.56,0,34.9,0,1,0,0,5000.0
36.9,0,0,0,0,3.87,0,25.9,0,1,1,0,5350.0
43.7,0,0,0,0,1.42,0,21.2,0,1,0,0,4050.0
43.3,0,0,0,0,1.49,0,10.1,0,0,0,0,3500.0
10.5,0,0,0,0,0.46,0,30.9,0,1,0,0,4800.0
27.9,0,0,0,0,5.71,0,38.6,0,1,1,0,5850.0
10.8,0,0,0,0,3.44,0,13.6,0,1,0,0,5150.0
19.8,0,0,0,0,4.64,0,16.8,0,1,0,0,4100.0
11.9,0,0,0,0,1.85,0,27.0,0,1,0,0,4650.0
35.8,0,0,0,0,5.19,0,48.3,0,1,0,0,4100.0
42.0,0,0,0,0,3.44,0,34.2,0,1,0,0,5450.0
23.9,0,0,0,0,5.09,0,23.8,0,1,0,0,4050.0
44.9,0,0,0,0,1.98,0,53.2,0,0,0,0,4500.0
42.2,0,0,0,0,0.82,0,29.6,0,1,1,0,4600.0
14.1,0,0,0,0,5.02,0,48.8,0,1,0,0,5300.0
12.6,0,0,0,0,0.52,0,49.4,0,1,1,0,4050.0
49.3,0,0,0,0,2.23,0,10.2,0,1,1,0,4050.0
12.7,0,0,0,0,1.32,0,27.9,0,1,0,0,3550.0
28.3,0,0,0,0,3.96,0,43.6,0,0,0,0,3900.0
34.8,0,0,0,0,5.85,0,53.4,0,1,0,0,4400.0
25.7,0,0,0,0,4.48,0,18.4,0,1,0,0,4550.0
29.0,0,0,0,0,3.66,0,38.3,0,1,0,0,4300.0
53.0,0,0,0,0,4.29,0,15.3,0,1,0,0,4350.0
54.6,0,0,0,0,2.59,0,47.0,0,1,0,0,5550.0
37.8,0,0,0,0,1.31,0,36.7,0,1,0,0,5050.0
22.1,0,0,0,0,2.71,0,31.4,0,1,0,0,3700.0
40.9,0,0,0,0,4.24,0,32.4,0,0,0,0,3050.0
20.9,0,0,0,0,3.93,0,47.8,0,1,0,0,4250.0
10.4,0,0,0,0,3.28,0,37.2,0,1,1,0,4750.0
23.0,0,0,0,0,5.1,0,37.1,0,1,0,0,4200.0
24.8,0,0,0,0,3.49,0,23.7,0,1,0,0,4150.0
51.2,0,0,0,0,4.21,0,12.1,0,1,0,0,4300.0
14.4,0,0,0,0,5.02,0,21.7,0,0,0,0,3800.0
39.4,0,0,0,0,5.32,0,33.9,0,0,0,0,4600.0
52.7,0,0,0,0,5.65,0,21.3,0,1,1,0,5350.0
16.4,0,0,0,0,5.5,0,45.0,0,1,0,0,4300.0
20.6,0,0,0,0,2.05,0,51.9,0,0,0,0,2800.0
37.0,0,0,0,0,5.01,0,24.7,0,1,1,0,6300.0
10.1,0,0,0,0,1.44,0,21.2,0,1,0,0,4100.0
44.8,0,0,0,0,1.78,0,34.1,0,1,1,0,5500.0
15.2,0,0,0,0,3.84,0,32.6,0,1,1,0,4800.0
22.1,0,0,0,0,1.6,0,20.4,0,0,0,0,3850.0
41.6,0,0,0,0,1.86,0,54.1,0,0,0,0,3650.0
29.0,0,0,0,0,1.53,0,49.3,0,0,0,0,4400.0
55.7,0,0,0,0,0.29,0,49.0,0,1,0,0,3750.0
41.7,0,0,0,0,0.3,0,65.3,0,1,0,0,3900.0
46.5,0,0,0,0,0.22,0,28.3,0,1,1,0,4350.0
44.0,0,0,0,0,0.29,0,52.7,0,1,0,0,4250.0
32.5,0,0,0,0,0.41,0,71.9,0,1,0,0,4000.0
53.9,0,0,0,0,0.31,0,31.3,0,1,0,0,3850.0
60.4,0,0,0,0,0.47,0,48.1,0,0,0,0,2800.0
64.2,0,0,0,0,0.17,0,30.2,0,1,1,0,4200.0
45.9,0,0,0,0,0.11,0,69.4,0,0,0,0,3600.0
26.7,0,0,0,0,0.47,0,68.1,0,1,1,0,4450.0
25.7,0,0,0,0,0.4,0,44.7,0,1,0,0,3500.0
31.0,0,0,0,0,0.33,0,46.3,0,1,1,0,3650.0
23.1,0,0,0,0,0.38,0,42.2,0,0,0,0,2700.0
30.9,0,0,0,0,0.38,0,55.9,0,1,0,0,4050.0
30.8,0,0,0,0,0.17,0,49.4,0,1,0,0,3250.0
21.3,0,0,0,0,0.34,0,32.9,0,0,0,0,2600.0
21.6,0,0,0,0,0.5,0,30.2,0,1,0,0,3600.0
50.1,0,0,0,0,0.15,0,52.3,0,0,0,0,3300.0
43.8,0,0,0,0,0.34,0,54.0,0,0,0,0,2750.0
62.2,0,0,0,0,0.41,0,50.5,0,0,0,0,3600.0
32.0,0,0,0,0,0.36,0,34.8,0,1,0,0,3400.0
42.8,0,0,0,0,0.29,0,35.3,0,1,1,0,3600.0
48.0,0,0,0,0,0.48,0,30.6,0,1,0,0,3550.0
60.2,0,0,0,0,0.39,0,55.6,0,1,0,0,4050.0
22.7,0,0,0,0,0.35,0,49.1,0,1,0,0,3400.0
29.2,0,0,0,0,0.13,0,33.9,0,1,1,0,3650.0
28.7,0,0,0,0,0.27,0,44.1,0,1,1,0,4150.0
37.6,0,0,0,0,0.39,0,65.1,0,1,1,0,3700.0
35.0,0,0,0,0,0.49,0,64.9,0,1,0,0,4150.0
59.8,0,0,0,0,0.3,0,57.8,0,1,1,0,4900.0
41.3,0,0,0,0,0.2,0,25.3,0,1,1,0,4050.0
35.4,0,0,0,0,0.34,0,35.7,0,0,0,0,3200.0
29.4,0,0,0,0,0.36,0,34.1,0,1,1,0,3550.0
57.2,0,0,0,0,0.32,0,43.0,0,1,1,0,3900.0
53.0,0,0,0,0,0.45,0,65.1,0,1,0,0,3950.0
40.5,0,0,0,0,0.4,0,26.2,0,1,0,0,3050.0
38.2,0,0,0,0,0.41,0,61.8,0,0,0,0,2600.0
42.9,0,0,0,0,0.48,0,38.5,0,1,1,0,3950.0
53.5,0,0,0,0,0.48,0,49.6,0,1,1,0,4350.0
30.8,0,0,0,0,0.1,0,30.6,0,1,0,0,2900.0
26.2,0,0,0,0,0.47,0,49.7,0,1,0,0,3700.0
41.6,0,0,0,0,0.2,0,37.9,0,1,0,0,3650.0
61.8,0,0,0,0,0.13,0,51.2,0,1,0,0,3900.0
29.2,0,0,0,0,0.21,0,63.1,0,1,0,0,4050.0
44.8,0,0,0,0,0.36,0,38.3,0,1,1,0,4450.0
21.5,0,0,0,0,0.45,0,42.3,0,1,0,0,3650.0
33.3,0,0,0,0,0.14,0,33.0,0,0,0,0,2700.0
50.0,0,0,0,0,0.15,0,69.6,0,1,0,0,4050.0
52.6,0,0,0,0,0.17,0,62.3,0,0,0,0,3800.0
53.1,0,0,0,0,0.23,0,46.8,0,0,0,0,3200.0
38.9,0,0,0,0,0.35,0,35.9,0,1,0,0,3550.0
23.7,0,0,0,0,0.31,0,75.0,0,1,1,0,4250.0
62.9,0,0,0,0,0.21,0,67.8,0,1,0,0,4200.0
46.0,0,0,0,0,0.24,0,57.0,0,1,0,0,4050.0
33.8,0,0,0,0,0.4,0,46.0,0,1,1,0,4200.0
20.8,0,0,0,0,0.38,0,45.0,0,0,0,0,2050.0
20.1,0,0,0,0,0.19,0,58.4,0,1,0,0,3800.0
38.2,0,0,0,0,0.11,0,68.3,0,0,0,0,2950.0
25.3,0,0,0,0,0.22,0,45.1,0,1,0,0,3650.0
44.8,0,0,0,0,0.34,0,54.6,0,0,0,0,2800.0
54.3,0,0,0,0,0.12,0,52.7,0,1,0,0,3850.0
46.2,0,0,0,0,0.49,0,39.2,0,1,0,0,3650.0
61.5,0,0,0,0,0.37,0,52.9,0,0,0,0,3250.0
21.2,0,0,0,0,0.14,0,59.5,0,1,0,0,3850.0
35.2,0,0,0,0,0.28,0,36.3,0,1,0,0,4050.0
27.6,0,0,0,0,0.45,0,37.8,0,1,0,0,3400.0
31.7,0,0,0,0,0.11,0,58.3,0,0,0,0,2800.0
22.5,0,0,0,0,0.26,0,30.8,0,1,1,0,3550.0
47.9,0,0,0,0,0.33,0,68.3,0,1,0,0,3550.0
26.6,0,0,0,0,0.13,0,43.4,0,1,1,0,3650.0
20.1,0,0,0,0,0.15,0,25.9,0,0,0,0,2550.0
60.8,0,0,0,0,0.23,0,70.4,0,1,1,0,4950.0
30.2,0,0,0,0,0.16,0,44.2,0,0,0,0,2950.0
24.6,0,0,0,0,0.12,0,48.0,0,1,1,0,3850.0
33.8,0,0,0,0,0.11,0,36.4,0,1,0,0,3700.0
31.7,0,0,0,0,0.37,0,62.6,0,1,1,0,4350.0
26.5,0,0,0,0,0.44,0,72.3,0,1,0,0,4000.0
38.3,0,0,0,0,0.11,0,58.6,0,1,0,0,3900.0
29.0,0,0,0,0,0.13,0,45.9,0,0,0,0,3350.0
42.5,0,0,0,0,0.3,0,69.1,0,1,1,0,4600.0
28.1,0,0,0,0,0.17,0,60.3,0,1,0,0,3650.0
55.1,0,0,0,0,0.45,0,32.9,0,1,1,0,4250.0
21.3,0,0,0,0,0.27,0,34.0,0,0,0,0,2300.0
44.6,0,0,0,0,0.28,0,68.4,0,0,0,0,3650.0
46.2,0,0,0,0,0.27,0,35.4,0,1,1,0,4550.0
63.1,0,0,0,0,0.26,0,26.6,0,0,0,0,2850.0
40.8,0,0,0,0,0.4,0,32.9,0,1,0,0,3800.0
40.4,0,0,0,0,0.43,0,57.3,0,1,1,0,3950.0
33.6,0,0,0,0,0.4,0,25.1,0,0,0,0,2400.0
28.4,0,0,0,0,0.25,0,28.9,0,0,0,0,2850.0
35.7,0,0,0,0,0.18,0,34.6,0,1,1,0,4300.0
32.8,0,0,0,0,0.37,0,64.8,0,1,0,0,4000.0
33.3,0,0,0,0,0.47,0,37.3,0,1,1,0,4100.0
59.6,0,0,0,0,0.41,0,27.9,0,0,0,0,2750.0
41.7,0,0,0,0,0.25,0,40.4,0,1,0,0,4050.0
28.1,0,0,0,0,0.38,0,47.3,0,1,1,0,3850.0
51.6,0,0,0,0,0.27,0,69.5,0,1,0,0,4050.0
51.7,0,0,0,0,0.38,0,28.1,0,0,0,0,2900.0
41.8,0,0,0,0,0.36,0,54.6,0,1,0,0,3750.0
53.1,0,0,0,0,0.22,0,73.5,0,1,0,0,4300.0
24.3,0,0,0,0,0.48,0,68.6,0,1,0,0,3450.0
63.8,0,0,0,0,0.27,0,41.0,0,0,0,0,2700.0
53.2,0,0,0,0,0.33,0,29.0,0,1,1,0,4000.0
44.9,0,0,0,0,0.4,0,34.4,0,0,0,0,2800.0
55.5,0,0,0,0,0.36,0,55.3,0,1,0,0,3900.0
28.3,0,0,0,0,0.21,0,48.9,0,1,0,0,3450.0
27.2,0,0,0,0,0.14,0,66.8,0,0,0,0,3000.0
32.6,0,0,0,0,0.37,0,30.5,0,1,0,0,3350.0
40.8,0,0,0,0,0.27,0,35.0,0,1,0,0,3450.0
52.1,0,0,0,0,0.22,0,73.2,0,0,0,0,3050.0
43.6,0,0,0,0,0.27,0,48.8,0,0,0,0,2700.0
34.8,0,0,0,0,0.3,0,42.0,0,1,0,0,3850.0
33.8,0,0,0,0,0.13,0,63.6,0,1,1,0,4200.0
59.3,0,0,0,0,0.25,0,63.6,0,1,0,0,4150.0
64.1,0,0,0,0,0.24,0,25.2,0,1,1,0,4150.0
46.2,0,0,0,0,0.31,0,36.0,0,1,0,0,3750.0
37.8,0,0,0,0,0.32,0,43.8,0,1,0,0,3450.0
36.5,0,0,0,0,0.38,0,39.8,0,1,0,0,3900.0
21.8,0,0,0,0,0.44,0,47.7,0,1,1,0,3900.0
29.5,0,0,0,0,0.36,0,44.8,0,1,1,0,3900.0
47.6,0,0,0,0,0.28,0,63.6,0,1,0,0,4100.0
50.6,0,0,0,0,0.31,0,33.5,0,1,0,0,3450.0
57.3,0,0,0,0,0.12,0,59.7,0,1,0,0,3950.0
54.3,0,0,0,0,0.17,0,45.1,0,0,0,0,3150.0
25.4,0,0,0,0,0.38,0,32.7,0,0,0,0,2400.0
46.4,0,0,0,0,0.18,0,32.9,0,1,0,0,3750.0
40.2,0,0,0,0,0.34,0,74.7,0,1,1,0,3950.0
56.5,0,0,0,0,0.41,0,59.9,0,1,0,0,3650.0
35.5,0,0,0,0,0.33,0,57.3,0,0,0,0,2650.0
20.1,0,0,0,0,0.41,0,72.0,0,1,1,0,4050.0
38.1,0,0,0,0,0.34,0,51.4,0,1,1,0,4100.0
48.9,0,0,0,0,0.21,0,48.3,0,1,0,0,3550.0
20.7,0,0,0,0,0.15,0,26.7,0,1,0,0,3600.0
56.1,0,0,0,0,0.36,0,44.1,0,1,1,0,4050.0
49.6,0,0,0,0,0.26,0,43.7,0,1,1,0,4100.0
31.2,0,0,0,0,0.4,0,43.8,0,1,0,0,3300.0
42.6,0,0,0,0,0.31,0,29.0,0,1,1,0,4250.0
31.2,0,0,0,0,0.48,0,43.5,0,1,1,0,3600.0
36.8,0,0,0,0,0.43,0,40.5,0,0,0,0,2550.0
20.5,0,0,0,0,0.13,0,45.8,0,1,0,0,3750.0
34.4,0,0,0,0,0.29,0,52.6,0,0,0,0,2850.0
43.6,0,0,0,0,0.48,0,27.4,0,0,0,0,2700.0
21.3,0,0,0,0,0.22,0,69.8,0,1,0,0,3350.0
52.9,0,0,0,0,0.19,0,53.2,0,1,1,0,4200.0
57.5,0,0,0,0,0.16,0,44.2,0,0,0,0,3150.0
57.4,0,0,0,0,0.47,0,26.5,0,0,0,0,2650.0
38.1,0,0,0,0,0.1,0,31.6,0,1,1,0,4000.0
33.9,0,0,0,0,0.22,0,64.8,0,1,0,0,3900.0
42.1,0,0,0,0,0.17,0,34.8,0,1,0,0,4100.0
43.2,0,0,0,0,0.28,0,34.7,0,1,0,0,3450.0
21.2,0,0,0,0,0.31,0,62.5,0,0,0,0,2100.0
55.4,0,0,0,0,0.49,0,56.5,0,1,0,0,4000.0
28.7,0,0,0,0,0.34,0,37.8,0,1,0,0,3250.0
31.2,0,0,0,0,0.47,0,58.3,0,1,0,0,3200.0
64.3,0,0,0,0,0.2,0,74.7,0,0,0,0,3150.0
43.1,0,0,0,0,0.32,0,70.8,0,1,0,0,3800.0
63.7,0,0,0,0,0.38,0,44.1,0,1,1,0,4450.0
41.9,0,0,0,0,0.49,0,50.3,0,1,0,0,4400.0
24.1,0,0,0,0,0.46,0,59.0,0,0,0,0,2650.0
25.0,0,0,0,0,0.11,0,57.8,0,0,0,0,2650.0
52.0,0,0,0,0,0.39,0,39.8,0,0,0,0,3200.0
53.6,0,0,0,0,0.33,0,66.1,0,1,0,0,4500.0
36.3,0,0,0,0,0.16,0,73.8,0,1,0,0,3600.0
61.8,0,0,0,0,0.19,0,27.6,0,1,1,0,3900.0
58.7,0,0,0,0,0.34,0,54.3,0,0,0,0,3600.0
45.6,0,0,0,0,0.25,0,59.8,0,0,0,0,3400.0
31.6,0,0,0,0,0.35,0,38.7,0,0,0,0,2750.0
45.1,0,0,0,0,0.15,0,56.5,0,1,1,0,4050.0
26.7,0,0,0,0,0.3,0,49.7,0,1,0,0,3650.0
40.2,0,0,0,0,0.4,0,57.0,0,0,0,0,3000.0
23.1,0,0,0,0,0.39,0,36.5,0,0,0,0,2350.0
29.4,0,0,0,0,0.22,0,54.5,0,1,1,0,3850.0
25.5,0,0,0,0,0.13,0,71.7,0,1,0,0,4150.0
44.9,0,0,0,0,0.23,0,34.7,0,1,1,0,3700.0
44.4,0,0,0,0,0.1,0,37.2,0,1,0,0,3600.0
55.4,0,0,0,0,0.33,0,31.7,0,0,0,0,2950.0
31.6,0,0,0,0,0.47,0,47.0,0,1,0,0,3500.0
22.9,0,0,0,0,0.19,0,55.8,0,0,0,0,2650.0
56.9,0,0,0,0,0.23,0,68.1,0,1,1,0,5000.0
21.3,0,0,0,0,0.26,0,60.8,0,1,1,0,4100.0
29.8,0,0,0,0,0.27,0,72.0,0,1,0,0,4100.0
30.7,0,0,0,0,0.23,0,64.9,0,1,0,0,3450.0
32.2,0,0,0,0,0.45,0,58.8,0,1,0,0,3950.0
51.8,0,0,0,0,0.3,0,34.5,0,0,0,0,3450.0
32.0,0,0,0,0,0.36,0,54.8,0,1,0,0,4000.0
21.5,0,0,0,0,0.46,0,62.0,0,0,0,0,3000.0
53.5,0,0,0,0,0.2,0,73.8,0,1,1,0,4850.0
30.3,0,0,0,0,0.38,0,25.8,0,1,0,0,3550.0
35.3,0,0,0,0,0.4,0,60.8,0,1,1,0,3700.0
37.5,0,0,0,0,0.38,0,27.5,0,0,0,0,2400.0
50.9,0,0,0,0,0.33,0,56.2,0,0,0,0,3050.0
38.8,0,0,0,0,0.15,0,44.2,0,1,1,0,4150.0
35.8,0,0,0,0,0.17,0,74.6,0,1,1,0,3900.0
38.7,0,0,0,0,0.23,0,42.6,0,1,0,0,4000.0
20.8,0,0,0,0,0.43,0,63.8,0,0,0,0,2700.0
22.7,0,0,0,0,0.38,0,27.3,0,1,0,0,3900.0
48.7,0,0,0,0,0.29,0,66.2,0,1,0,0,4000.0
47.4,0,0,0,0,0.22,0,51.3,0,0,0,0,3200.0
45.8,0,0,0,0,0.46,0,58.8,0,1,0,0,3950.0
34.9,0,0,0,0,0.44,0,39.0,0,1,1,0,3800.0
47.4,0,0,0,0,0.15,0,72.8,0,1,0,0,4400.0
24.8,0,0,0,0,0.2,0,46.0,0,0,0,0,2050.0
33.2,0,0,0,0,0.14,0,50.8,0,0,0,0,2750.0
44.3,0,0,0,0,0.41,0,32.5,0,0,0,0,3100.0
40.7,0,0,0,0,0.36,0,32.2,0,1,0,0,3450.0
59.3,0,0,0,0,0.35,0,60.7,0,1,0,0,4450.0
29.1,0,0,0,0,0.5,0,51.2,0,0,0,0,2450.0
42.2,0,0,0,0,0.33,0,27.9,0,1,0,0,3300.0
63.2,0,0,0,0,0.26,0,59.3,0,1,0,0,4650.0
61.8,0,0,0,0,0.32,0,57.4,0,1,0,0,4600.0
59.3,0,0,0,0,0.33,0,27.4,0,1,0,0,3700.0
30.9,0,0,0,0,0.27,0,40.8,0,1,0,0,3400.0
53.3,0,0,0,0,0.44,0,63.3,0,1,0,0,4150.0
47.8,0,0,0,0,0.4,0,58.8,0,1,0,0,4000.0
49.3,0,0,0,0,0.4,0,60.1,0,0,0,0,3100.0
46.2,0,0,0,0,0.45,0,46.9,0,1,0,0,4000.0
38.5,0,0,0,0,0.42,0,48.7,0,1,0,0,3700.0
41.6,0,0,0,0,0.3,0,62.9,0,1,1,0,4350.0
42.9,0,0,0,0,0.41,0,73.1,0,1,1,0,4550.0
24.1,0,0,0,0,0.39,0,67.7,0,1,1,0,4200.0
51.9,0,0,0,0,0.39,0,44.4,0,1,0,0,3200.0
35.2,0,0,0,0,0.46,0,72.4,0,1,0,0,4100.0
51.7,0,0,0,0,0.32,0,37.8,0,1,0,0,3450.0
56.5,0,0,0,0,0.44,0,46.2,0,1,0,0,4100.0
25.5,0,0,0,0,0.5,0,62.3,0,1,0,0,3800.0
32.1,0,0,0,0,0.12,0,54.4,0,0,0,0,2900.0
34.7,0,0,0,0,0.21,0,56.8,0,1,1,0,3900.0
59.1,0,0,0,0,0.12,0,43.8,0,1,1,0,3950.0
48.8,0,0,0,0,0.28,0,49.3,0,0,0,0,2750.0
55.1,0,0,0,0,0.2,0,71.3,0,1,0,0,4300.0
